GENE	COVERAGE	STRAIN	GROUP
QG37_06557	0.8988	CDC_B11096	Pakistan
QG37_06557	0.7898	CDC_B11097	Pakistan
QG37_06557	0.7736	CDC_B11098	Pakistan
QG37_06557	0.7635	CDC_B11099	Pakistan
QG37_06557	0.8192	CDC_B11101	Pakistan
QG37_06557	0.8185	CDC_B11102	Pakistan
QG37_06557	0.7358	CDC_B11103	Pakistan
QG37_06557	0.8753	CDC_B11105	Pakistan
QG37_06557	0.7856	CDC_B11112	Pakistan
QG37_06557	0.6751	CDC_B11113	Pakistan
QG37_06557	0.8133	CDC_B11114	Pakistan
QG37_06557	0.8262	CDC_B11115	Pakistan
QG37_06557	0.7490	CDC_B11116	Pakistan
QG37_06557	0.8138	CDC_B11117	Pakistan
QG37_06557	0.8277	CDC_B11118	Pakistan
QG37_06557	0.8144	CDC_B11119	Pakistan
QG37_06557	0.7838	CDC_B11200	India
QG37_06557	0.8198	CDC_B11201	India
QG37_06557	0.7782	CDC_B11205	India
QG37_06557	0.7206	CDC_B11206	India
QG37_06557	0.8209	CDC_B11207	India
QG37_06557	0.8209	CDC_B11208	India
QG37_06557	0.8162	CDC_B11209	India
QG37_06557	0.8419	CDC_B11210	India
QG37_06557	0.8646	CDC_B11212	India
QG37_06557	0.7576	CDC_B11213	India
QG37_06557	0.7856	CDC_B11214	India
QG37_06557	0.7589	CDC_B11215	India
QG37_06557	0.8408	CDC_B11216	India
QG37_06557	0.7020	CDC_B11217	India
QG37_06557	0.8004	CDC_B11218	India
QG37_06557	0.8245	CDC_B11219	India
QG37_06557	0.0058	CDC_B11220	Japan
QG37_06557	0.8243	CDC_B11221	South Africa
QG37_06557	0.8429	CDC_B11222	South Africa
QG37_06557	0.8776	CDC_B11223	South Africa
QG37_06557	0.7733	CDC_B11224	South Africa
QG37_06557	0.8792	CDC_B11225	South Africa
QG37_06557	0.8687	CDC_B11226	South Africa
QG37_06557	0.0556	CDC_B11227	South Africa
QG37_06557	0.7957	CDC_B11228	South Africa
QG37_06557	0.8266	CDC_B11229	South Africa
QG37_06557	0.8301	CDC_B11230	South Africa
QG37_06557	0.7781	CDC_B11243	Venezuela
QG37_06557	0.8548	CDC_B11244	Venezuela
QG37_06557	0.8679	CDC_B11245	Venezuela
QG37_06557	0.9023	CDC_B11246	Venezuela
QG37_06557	0.8663	CDC_B11247	Venezuela
QG37_06558	0.8915	CDC_B11096	Pakistan
QG37_06558	0.9403	CDC_B11097	Pakistan
QG37_06558	0.7810	CDC_B11098	Pakistan
QG37_06558	0.9524	CDC_B11099	Pakistan
QG37_06558	0.7562	CDC_B11101	Pakistan
QG37_06558	0.9895	CDC_B11102	Pakistan
QG37_06558	0.7684	CDC_B11103	Pakistan
QG37_06558	0.8734	CDC_B11105	Pakistan
QG37_06558	0.9687	CDC_B11112	Pakistan
QG37_06558	0.8718	CDC_B11113	Pakistan
QG37_06558	0.8424	CDC_B11114	Pakistan
QG37_06558	0.8407	CDC_B11115	Pakistan
QG37_06558	0.7831	CDC_B11116	Pakistan
QG37_06558	0.8961	CDC_B11117	Pakistan
QG37_06558	0.8750	CDC_B11118	Pakistan
QG37_06558	0.9451	CDC_B11119	Pakistan
QG37_06558	0.8227	CDC_B11200	India
QG37_06558	0.8279	CDC_B11201	India
QG37_06558	0.8686	CDC_B11205	India
QG37_06558	0.9262	CDC_B11206	India
QG37_06558	0.8486	CDC_B11207	India
QG37_06558	0.9003	CDC_B11208	India
QG37_06558	0.8472	CDC_B11209	India
QG37_06558	0.9267	CDC_B11210	India
QG37_06558	0.8661	CDC_B11212	India
QG37_06558	0.8394	CDC_B11213	India
QG37_06558	0.8440	CDC_B11214	India
QG37_06558	0.7506	CDC_B11215	India
QG37_06558	0.8094	CDC_B11216	India
QG37_06558	0.8090	CDC_B11217	India
QG37_06558	0.9784	CDC_B11218	India
QG37_06558	0.8241	CDC_B11219	India
QG37_06558	0.0027	CDC_B11220	Japan
QG37_06558	0.9462	CDC_B11221	South Africa
QG37_06558	0.9391	CDC_B11222	South Africa
QG37_06558	0.9024	CDC_B11223	South Africa
QG37_06558	0.9192	CDC_B11224	South Africa
QG37_06558	0.9167	CDC_B11225	South Africa
QG37_06558	0.8964	CDC_B11226	South Africa
QG37_06558	0.0635	CDC_B11227	South Africa
QG37_06558	0.9253	CDC_B11228	South Africa
QG37_06558	0.8871	CDC_B11229	South Africa
QG37_06558	0.8553	CDC_B11230	South Africa
QG37_06558	0.8788	CDC_B11243	Venezuela
QG37_06558	0.9513	CDC_B11244	Venezuela
QG37_06558	1.0165	CDC_B11245	Venezuela
QG37_06558	0.9364	CDC_B11246	Venezuela
QG37_06558	0.8115	CDC_B11247	Venezuela
QG37_06559	0.8964	CDC_B11096	Pakistan
QG37_06559	0.8518	CDC_B11097	Pakistan
QG37_06559	0.9778	CDC_B11098	Pakistan
QG37_06559	1.0261	CDC_B11099	Pakistan
QG37_06559	0.8050	CDC_B11101	Pakistan
QG37_06559	0.9770	CDC_B11102	Pakistan
QG37_06559	0.8190	CDC_B11103	Pakistan
QG37_06559	0.8616	CDC_B11105	Pakistan
QG37_06559	0.9354	CDC_B11112	Pakistan
QG37_06559	0.8285	CDC_B11113	Pakistan
QG37_06559	0.8226	CDC_B11114	Pakistan
QG37_06559	0.7325	CDC_B11115	Pakistan
QG37_06559	0.7077	CDC_B11116	Pakistan
QG37_06559	0.9829	CDC_B11117	Pakistan
QG37_06559	0.9526	CDC_B11118	Pakistan
QG37_06559	0.9020	CDC_B11119	Pakistan
QG37_06559	0.8023	CDC_B11200	India
QG37_06559	0.8626	CDC_B11201	India
QG37_06559	0.8986	CDC_B11205	India
QG37_06559	0.7911	CDC_B11206	India
QG37_06559	0.9185	CDC_B11207	India
QG37_06559	0.8122	CDC_B11208	India
QG37_06559	0.9790	CDC_B11209	India
QG37_06559	0.9329	CDC_B11210	India
QG37_06559	0.7934	CDC_B11212	India
QG37_06559	0.8240	CDC_B11213	India
QG37_06559	0.6869	CDC_B11214	India
QG37_06559	0.8381	CDC_B11215	India
QG37_06559	0.6680	CDC_B11216	India
QG37_06559	0.8396	CDC_B11217	India
QG37_06559	0.9357	CDC_B11218	India
QG37_06559	0.8713	CDC_B11219	India
QG37_06559	0.0024	CDC_B11220	Japan
QG37_06559	0.8907	CDC_B11221	South Africa
QG37_06559	0.7752	CDC_B11222	South Africa
QG37_06559	0.9062	CDC_B11223	South Africa
QG37_06559	0.7162	CDC_B11224	South Africa
QG37_06559	0.7703	CDC_B11225	South Africa
QG37_06559	0.9561	CDC_B11226	South Africa
QG37_06559	0.0415	CDC_B11227	South Africa
QG37_06559	0.8316	CDC_B11228	South Africa
QG37_06559	0.6808	CDC_B11229	South Africa
QG37_06559	0.7917	CDC_B11230	South Africa
QG37_06559	0.7702	CDC_B11243	Venezuela
QG37_06559	0.8296	CDC_B11244	Venezuela
QG37_06559	0.9650	CDC_B11245	Venezuela
QG37_06559	0.8050	CDC_B11246	Venezuela
QG37_06559	1.0096	CDC_B11247	Venezuela
QG37_06560	0.6642	CDC_B11096	Pakistan
QG37_06560	0.7331	CDC_B11097	Pakistan
QG37_06560	0.8749	CDC_B11098	Pakistan
QG37_06560	0.7562	CDC_B11099	Pakistan
QG37_06560	0.8811	CDC_B11101	Pakistan
QG37_06560	0.7584	CDC_B11102	Pakistan
QG37_06560	0.7804	CDC_B11103	Pakistan
QG37_06560	0.7944	CDC_B11105	Pakistan
QG37_06560	0.8391	CDC_B11112	Pakistan
QG37_06560	0.7388	CDC_B11113	Pakistan
QG37_06560	0.7616	CDC_B11114	Pakistan
QG37_06560	0.8167	CDC_B11115	Pakistan
QG37_06560	0.7917	CDC_B11116	Pakistan
QG37_06560	0.8640	CDC_B11117	Pakistan
QG37_06560	0.8482	CDC_B11118	Pakistan
QG37_06560	0.7166	CDC_B11119	Pakistan
QG37_06560	0.8708	CDC_B11200	India
QG37_06560	0.9649	CDC_B11201	India
QG37_06560	0.8172	CDC_B11205	India
QG37_06560	0.8586	CDC_B11206	India
QG37_06560	0.8134	CDC_B11207	India
QG37_06560	0.8538	CDC_B11208	India
QG37_06560	0.9346	CDC_B11209	India
QG37_06560	0.7362	CDC_B11210	India
QG37_06560	0.8656	CDC_B11212	India
QG37_06560	0.7541	CDC_B11213	India
QG37_06560	0.7874	CDC_B11214	India
QG37_06560	0.8555	CDC_B11215	India
QG37_06560	0.7843	CDC_B11216	India
QG37_06560	0.8042	CDC_B11217	India
QG37_06560	0.8094	CDC_B11218	India
QG37_06560	0.7567	CDC_B11219	India
QG37_06560	0.0000	CDC_B11220	Japan
QG37_06560	0.8973	CDC_B11221	South Africa
QG37_06560	0.8786	CDC_B11222	South Africa
QG37_06560	0.8727	CDC_B11223	South Africa
QG37_06560	0.7951	CDC_B11224	South Africa
QG37_06560	0.8465	CDC_B11225	South Africa
QG37_06560	0.7876	CDC_B11226	South Africa
QG37_06560	0.0644	CDC_B11227	South Africa
QG37_06560	0.7887	CDC_B11228	South Africa
QG37_06560	0.8135	CDC_B11229	South Africa
QG37_06560	0.7914	CDC_B11230	South Africa
QG37_06560	0.8226	CDC_B11243	Venezuela
QG37_06560	0.7682	CDC_B11244	Venezuela
QG37_06560	0.8877	CDC_B11245	Venezuela
QG37_06560	0.8383	CDC_B11246	Venezuela
QG37_06560	0.7920	CDC_B11247	Venezuela
QG37_06561	0.9329	CDC_B11096	Pakistan
QG37_06561	0.8944	CDC_B11097	Pakistan
QG37_06561	0.8206	CDC_B11098	Pakistan
QG37_06561	0.7482	CDC_B11099	Pakistan
QG37_06561	0.7725	CDC_B11101	Pakistan
QG37_06561	0.7815	CDC_B11102	Pakistan
QG37_06561	0.8139	CDC_B11103	Pakistan
QG37_06561	0.7907	CDC_B11105	Pakistan
QG37_06561	0.8428	CDC_B11112	Pakistan
QG37_06561	0.7718	CDC_B11113	Pakistan
QG37_06561	0.6478	CDC_B11114	Pakistan
QG37_06561	0.7045	CDC_B11115	Pakistan
QG37_06561	0.7960	CDC_B11116	Pakistan
QG37_06561	0.8777	CDC_B11117	Pakistan
QG37_06561	1.0108	CDC_B11118	Pakistan
QG37_06561	0.9914	CDC_B11119	Pakistan
QG37_06561	0.8524	CDC_B11200	India
QG37_06561	0.8890	CDC_B11201	India
QG37_06561	0.8207	CDC_B11205	India
QG37_06561	0.8431	CDC_B11206	India
QG37_06561	0.8645	CDC_B11207	India
QG37_06561	0.8110	CDC_B11208	India
QG37_06561	0.8133	CDC_B11209	India
QG37_06561	0.8476	CDC_B11210	India
QG37_06561	0.8651	CDC_B11212	India
QG37_06561	0.8391	CDC_B11213	India
QG37_06561	0.7467	CDC_B11214	India
QG37_06561	0.7803	CDC_B11215	India
QG37_06561	0.6799	CDC_B11216	India
QG37_06561	0.7108	CDC_B11217	India
QG37_06561	0.7207	CDC_B11218	India
QG37_06561	0.7288	CDC_B11219	India
QG37_06561	0.5638	CDC_B11220	Japan
QG37_06561	0.8562	CDC_B11221	South Africa
QG37_06561	0.9523	CDC_B11222	South Africa
QG37_06561	0.8523	CDC_B11223	South Africa
QG37_06561	0.8154	CDC_B11224	South Africa
QG37_06561	0.8890	CDC_B11225	South Africa
QG37_06561	0.8328	CDC_B11226	South Africa
QG37_06561	0.0389	CDC_B11227	South Africa
QG37_06561	0.8272	CDC_B11228	South Africa
QG37_06561	0.8174	CDC_B11229	South Africa
QG37_06561	0.8257	CDC_B11230	South Africa
QG37_06561	0.9120	CDC_B11243	Venezuela
QG37_06561	0.7858	CDC_B11244	Venezuela
QG37_06561	0.8908	CDC_B11245	Venezuela
QG37_06561	0.9502	CDC_B11246	Venezuela
QG37_06561	0.7592	CDC_B11247	Venezuela
QG37_06562	0.7744	CDC_B11096	Pakistan
QG37_06562	0.7140	CDC_B11097	Pakistan
QG37_06562	0.9996	CDC_B11098	Pakistan
QG37_06562	0.9365	CDC_B11099	Pakistan
QG37_06562	0.8156	CDC_B11101	Pakistan
QG37_06562	0.8248	CDC_B11102	Pakistan
QG37_06562	0.8040	CDC_B11103	Pakistan
QG37_06562	0.9329	CDC_B11105	Pakistan
QG37_06562	0.7661	CDC_B11112	Pakistan
QG37_06562	0.6825	CDC_B11113	Pakistan
QG37_06562	0.6976	CDC_B11114	Pakistan
QG37_06562	0.6939	CDC_B11115	Pakistan
QG37_06562	0.7564	CDC_B11116	Pakistan
QG37_06562	1.0550	CDC_B11117	Pakistan
QG37_06562	0.9014	CDC_B11118	Pakistan
QG37_06562	0.7722	CDC_B11119	Pakistan
QG37_06562	0.7513	CDC_B11200	India
QG37_06562	0.8601	CDC_B11201	India
QG37_06562	0.8422	CDC_B11205	India
QG37_06562	0.7179	CDC_B11206	India
QG37_06562	0.8748	CDC_B11207	India
QG37_06562	1.0104	CDC_B11208	India
QG37_06562	0.9504	CDC_B11209	India
QG37_06562	0.8767	CDC_B11210	India
QG37_06562	0.7427	CDC_B11212	India
QG37_06562	0.8193	CDC_B11213	India
QG37_06562	0.7963	CDC_B11214	India
QG37_06562	0.6264	CDC_B11215	India
QG37_06562	0.6649	CDC_B11216	India
QG37_06562	0.8333	CDC_B11217	India
QG37_06562	0.7254	CDC_B11218	India
QG37_06562	0.7128	CDC_B11219	India
QG37_06562	0.9220	CDC_B11220	Japan
QG37_06562	0.7598	CDC_B11221	South Africa
QG37_06562	0.8077	CDC_B11222	South Africa
QG37_06562	0.8234	CDC_B11223	South Africa
QG37_06562	0.8130	CDC_B11224	South Africa
QG37_06562	0.9089	CDC_B11225	South Africa
QG37_06562	0.9344	CDC_B11226	South Africa
QG37_06562	0.0230	CDC_B11227	South Africa
QG37_06562	0.6819	CDC_B11228	South Africa
QG37_06562	0.8047	CDC_B11229	South Africa
QG37_06562	0.8611	CDC_B11230	South Africa
QG37_06562	0.6852	CDC_B11243	Venezuela
QG37_06562	0.7383	CDC_B11244	Venezuela
QG37_06562	0.9258	CDC_B11245	Venezuela
QG37_06562	0.7506	CDC_B11246	Venezuela
QG37_06562	0.8266	CDC_B11247	Venezuela
QG37_06563	0.8293	CDC_B11096	Pakistan
QG37_06563	0.7140	CDC_B11097	Pakistan
QG37_06563	0.7702	CDC_B11098	Pakistan
QG37_06563	0.7662	CDC_B11099	Pakistan
QG37_06563	0.7235	CDC_B11101	Pakistan
QG37_06563	0.8155	CDC_B11102	Pakistan
QG37_06563	0.7887	CDC_B11103	Pakistan
QG37_06563	0.7740	CDC_B11105	Pakistan
QG37_06563	0.8527	CDC_B11112	Pakistan
QG37_06563	0.6593	CDC_B11113	Pakistan
QG37_06563	0.7582	CDC_B11114	Pakistan
QG37_06563	0.8107	CDC_B11115	Pakistan
QG37_06563	0.6375	CDC_B11116	Pakistan
QG37_06563	0.8738	CDC_B11117	Pakistan
QG37_06563	0.8064	CDC_B11118	Pakistan
QG37_06563	0.7500	CDC_B11119	Pakistan
QG37_06563	0.8091	CDC_B11200	India
QG37_06563	0.7399	CDC_B11201	India
QG37_06563	0.8153	CDC_B11205	India
QG37_06563	0.7176	CDC_B11206	India
QG37_06563	0.7781	CDC_B11207	India
QG37_06563	0.8133	CDC_B11208	India
QG37_06563	0.8185	CDC_B11209	India
QG37_06563	0.8204	CDC_B11210	India
QG37_06563	0.8204	CDC_B11212	India
QG37_06563	0.7490	CDC_B11213	India
QG37_06563	0.7429	CDC_B11214	India
QG37_06563	0.7505	CDC_B11215	India
QG37_06563	0.7297	CDC_B11216	India
QG37_06563	0.7969	CDC_B11217	India
QG37_06563	0.7529	CDC_B11218	India
QG37_06563	0.7192	CDC_B11219	India
QG37_06563	0.7284	CDC_B11220	Japan
QG37_06563	0.7420	CDC_B11221	South Africa
QG37_06563	0.7517	CDC_B11222	South Africa
QG37_06563	0.8197	CDC_B11223	South Africa
QG37_06563	0.7140	CDC_B11224	South Africa
QG37_06563	0.7776	CDC_B11225	South Africa
QG37_06563	0.7306	CDC_B11226	South Africa
QG37_06563	0.0506	CDC_B11227	South Africa
QG37_06563	0.8244	CDC_B11228	South Africa
QG37_06563	0.7761	CDC_B11229	South Africa
QG37_06563	0.8118	CDC_B11230	South Africa
QG37_06563	0.8702	CDC_B11243	Venezuela
QG37_06563	0.8676	CDC_B11244	Venezuela
QG37_06563	0.9090	CDC_B11245	Venezuela
QG37_06563	0.8793	CDC_B11246	Venezuela
QG37_06563	0.8125	CDC_B11247	Venezuela
QG37_06564	1.0169	CDC_B11096	Pakistan
QG37_06564	0.8818	CDC_B11097	Pakistan
QG37_06564	0.9015	CDC_B11098	Pakistan
QG37_06564	1.0865	CDC_B11099	Pakistan
QG37_06564	0.8550	CDC_B11101	Pakistan
QG37_06564	0.8959	CDC_B11102	Pakistan
QG37_06564	1.0360	CDC_B11103	Pakistan
QG37_06564	0.9870	CDC_B11105	Pakistan
QG37_06564	1.0108	CDC_B11112	Pakistan
QG37_06564	0.9654	CDC_B11113	Pakistan
QG37_06564	0.9840	CDC_B11114	Pakistan
QG37_06564	0.9870	CDC_B11115	Pakistan
QG37_06564	1.0008	CDC_B11116	Pakistan
QG37_06564	1.2261	CDC_B11117	Pakistan
QG37_06564	1.0403	CDC_B11118	Pakistan
QG37_06564	1.1494	CDC_B11119	Pakistan
QG37_06564	1.0468	CDC_B11200	India
QG37_06564	1.0160	CDC_B11201	India
QG37_06564	1.0439	CDC_B11205	India
QG37_06564	0.9598	CDC_B11206	India
QG37_06564	1.1241	CDC_B11207	India
QG37_06564	1.0540	CDC_B11208	India
QG37_06564	1.0360	CDC_B11209	India
QG37_06564	1.0741	CDC_B11210	India
QG37_06564	0.9595	CDC_B11212	India
QG37_06564	0.9566	CDC_B11213	India
QG37_06564	1.0241	CDC_B11214	India
QG37_06564	0.8908	CDC_B11215	India
QG37_06564	0.8838	CDC_B11216	India
QG37_06564	0.8393	CDC_B11217	India
QG37_06564	1.0120	CDC_B11218	India
QG37_06564	0.9246	CDC_B11219	India
QG37_06564	0.9192	CDC_B11220	Japan
QG37_06564	0.9491	CDC_B11221	South Africa
QG37_06564	1.1903	CDC_B11222	South Africa
QG37_06564	1.1677	CDC_B11223	South Africa
QG37_06564	1.1187	CDC_B11224	South Africa
QG37_06564	1.2333	CDC_B11225	South Africa
QG37_06564	1.0899	CDC_B11226	South Africa
QG37_06564	0.0623	CDC_B11227	South Africa
QG37_06564	1.0809	CDC_B11228	South Africa
QG37_06564	0.9534	CDC_B11229	South Africa
QG37_06564	1.0662	CDC_B11230	South Africa
QG37_06564	1.1484	CDC_B11243	Venezuela
QG37_06564	1.0562	CDC_B11244	Venezuela
QG37_06564	1.0441	CDC_B11245	Venezuela
QG37_06564	1.1730	CDC_B11246	Venezuela
QG37_06564	1.0901	CDC_B11247	Venezuela
QG37_06565	0.9841	CDC_B11096	Pakistan
QG37_06565	1.0856	CDC_B11097	Pakistan
QG37_06565	1.2130	CDC_B11098	Pakistan
QG37_06565	1.1883	CDC_B11099	Pakistan
QG37_06565	1.0663	CDC_B11101	Pakistan
QG37_06565	0.9992	CDC_B11102	Pakistan
QG37_06565	0.8653	CDC_B11103	Pakistan
QG37_06565	1.0160	CDC_B11105	Pakistan
QG37_06565	1.0083	CDC_B11112	Pakistan
QG37_06565	1.0513	CDC_B11113	Pakistan
QG37_06565	0.8789	CDC_B11114	Pakistan
QG37_06565	1.1668	CDC_B11115	Pakistan
QG37_06565	1.0932	CDC_B11116	Pakistan
QG37_06565	1.1589	CDC_B11117	Pakistan
QG37_06565	1.0925	CDC_B11118	Pakistan
QG37_06565	1.1422	CDC_B11119	Pakistan
QG37_06565	1.1504	CDC_B11200	India
QG37_06565	1.0904	CDC_B11201	India
QG37_06565	1.1161	CDC_B11205	India
QG37_06565	1.1085	CDC_B11206	India
QG37_06565	1.0709	CDC_B11207	India
QG37_06565	1.1523	CDC_B11208	India
QG37_06565	1.0109	CDC_B11209	India
QG37_06565	0.9970	CDC_B11210	India
QG37_06565	0.9799	CDC_B11212	India
QG37_06565	1.0389	CDC_B11213	India
QG37_06565	1.2007	CDC_B11214	India
QG37_06565	1.0983	CDC_B11215	India
QG37_06565	1.0399	CDC_B11216	India
QG37_06565	0.9324	CDC_B11217	India
QG37_06565	1.0434	CDC_B11218	India
QG37_06565	1.1393	CDC_B11219	India
QG37_06565	1.1375	CDC_B11220	Japan
QG37_06565	1.2103	CDC_B11221	South Africa
QG37_06565	1.2720	CDC_B11222	South Africa
QG37_06565	1.0981	CDC_B11223	South Africa
QG37_06565	1.0976	CDC_B11224	South Africa
QG37_06565	1.1938	CDC_B11225	South Africa
QG37_06565	1.0876	CDC_B11226	South Africa
QG37_06565	0.0489	CDC_B11227	South Africa
QG37_06565	1.2340	CDC_B11228	South Africa
QG37_06565	1.1143	CDC_B11229	South Africa
QG37_06565	1.1765	CDC_B11230	South Africa
QG37_06565	1.0592	CDC_B11243	Venezuela
QG37_06565	1.1498	CDC_B11244	Venezuela
QG37_06565	0.9214	CDC_B11245	Venezuela
QG37_06565	0.9601	CDC_B11246	Venezuela
QG37_06565	1.0981	CDC_B11247	Venezuela
QG37_06566	0.9334	CDC_B11096	Pakistan
QG37_06566	0.9210	CDC_B11097	Pakistan
QG37_06566	0.9322	CDC_B11098	Pakistan
QG37_06566	0.9736	CDC_B11099	Pakistan
QG37_06566	0.7633	CDC_B11101	Pakistan
QG37_06566	1.0120	CDC_B11102	Pakistan
QG37_06566	0.9613	CDC_B11103	Pakistan
QG37_06566	0.8747	CDC_B11105	Pakistan
QG37_06566	0.9462	CDC_B11112	Pakistan
QG37_06566	0.9264	CDC_B11113	Pakistan
QG37_06566	0.8483	CDC_B11114	Pakistan
QG37_06566	1.0081	CDC_B11115	Pakistan
QG37_06566	0.9343	CDC_B11116	Pakistan
QG37_06566	0.7923	CDC_B11117	Pakistan
QG37_06566	1.0118	CDC_B11118	Pakistan
QG37_06566	1.0015	CDC_B11119	Pakistan
QG37_06566	0.9735	CDC_B11200	India
QG37_06566	0.8926	CDC_B11201	India
QG37_06566	0.8810	CDC_B11205	India
QG37_06566	0.9495	CDC_B11206	India
QG37_06566	1.0777	CDC_B11207	India
QG37_06566	0.9372	CDC_B11208	India
QG37_06566	0.9576	CDC_B11209	India
QG37_06566	0.8556	CDC_B11210	India
QG37_06566	0.9328	CDC_B11212	India
QG37_06566	0.9870	CDC_B11213	India
QG37_06566	1.0691	CDC_B11214	India
QG37_06566	0.8854	CDC_B11215	India
QG37_06566	0.9570	CDC_B11216	India
QG37_06566	0.7314	CDC_B11217	India
QG37_06566	0.9983	CDC_B11218	India
QG37_06566	0.8850	CDC_B11219	India
QG37_06566	1.0205	CDC_B11220	Japan
QG37_06566	1.0794	CDC_B11221	South Africa
QG37_06566	1.1574	CDC_B11222	South Africa
QG37_06566	0.8858	CDC_B11223	South Africa
QG37_06566	1.0408	CDC_B11224	South Africa
QG37_06566	0.9751	CDC_B11225	South Africa
QG37_06566	1.1293	CDC_B11226	South Africa
QG37_06566	0.0520	CDC_B11227	South Africa
QG37_06566	0.9009	CDC_B11228	South Africa
QG37_06566	0.9941	CDC_B11229	South Africa
QG37_06566	1.0471	CDC_B11230	South Africa
QG37_06566	0.9253	CDC_B11243	Venezuela
QG37_06566	1.0667	CDC_B11244	Venezuela
QG37_06566	0.9693	CDC_B11245	Venezuela
QG37_06566	0.9019	CDC_B11246	Venezuela
QG37_06566	1.0537	CDC_B11247	Venezuela
QG37_06567	0.8775	CDC_B11096	Pakistan
QG37_06567	0.8661	CDC_B11097	Pakistan
QG37_06567	0.8967	CDC_B11098	Pakistan
QG37_06567	0.9153	CDC_B11099	Pakistan
QG37_06567	0.8205	CDC_B11101	Pakistan
QG37_06567	0.8335	CDC_B11102	Pakistan
QG37_06567	0.8650	CDC_B11103	Pakistan
QG37_06567	0.9313	CDC_B11105	Pakistan
QG37_06567	0.9194	CDC_B11112	Pakistan
QG37_06567	0.8568	CDC_B11113	Pakistan
QG37_06567	0.8593	CDC_B11114	Pakistan
QG37_06567	0.8844	CDC_B11115	Pakistan
QG37_06567	0.8290	CDC_B11116	Pakistan
QG37_06567	0.9519	CDC_B11117	Pakistan
QG37_06567	0.8750	CDC_B11118	Pakistan
QG37_06567	0.8438	CDC_B11119	Pakistan
QG37_06567	0.8795	CDC_B11200	India
QG37_06567	0.9449	CDC_B11201	India
QG37_06567	0.9735	CDC_B11205	India
QG37_06567	0.9260	CDC_B11206	India
QG37_06567	0.9218	CDC_B11207	India
QG37_06567	0.9815	CDC_B11208	India
QG37_06567	0.9054	CDC_B11209	India
QG37_06567	0.8643	CDC_B11210	India
QG37_06567	0.9600	CDC_B11212	India
QG37_06567	0.9865	CDC_B11213	India
QG37_06567	0.9496	CDC_B11214	India
QG37_06567	0.9105	CDC_B11215	India
QG37_06567	0.8762	CDC_B11216	India
QG37_06567	0.9718	CDC_B11217	India
QG37_06567	0.8625	CDC_B11218	India
QG37_06567	0.9192	CDC_B11219	India
QG37_06567	0.8750	CDC_B11220	Japan
QG37_06567	0.9916	CDC_B11221	South Africa
QG37_06567	0.9056	CDC_B11222	South Africa
QG37_06567	0.9059	CDC_B11223	South Africa
QG37_06567	0.8045	CDC_B11224	South Africa
QG37_06567	0.8613	CDC_B11225	South Africa
QG37_06567	0.8991	CDC_B11226	South Africa
QG37_06567	0.0681	CDC_B11227	South Africa
QG37_06567	0.9781	CDC_B11228	South Africa
QG37_06567	0.9574	CDC_B11229	South Africa
QG37_06567	0.8632	CDC_B11230	South Africa
QG37_06567	1.0074	CDC_B11243	Venezuela
QG37_06567	0.9567	CDC_B11244	Venezuela
QG37_06567	0.9393	CDC_B11245	Venezuela
QG37_06567	1.0269	CDC_B11246	Venezuela
QG37_06567	0.9310	CDC_B11247	Venezuela
QG37_06568	0.9550	CDC_B11096	Pakistan
QG37_06568	0.9809	CDC_B11097	Pakistan
QG37_06568	0.9546	CDC_B11098	Pakistan
QG37_06568	1.1909	CDC_B11099	Pakistan
QG37_06568	0.8945	CDC_B11101	Pakistan
QG37_06568	0.8796	CDC_B11102	Pakistan
QG37_06568	0.9440	CDC_B11103	Pakistan
QG37_06568	1.0901	CDC_B11105	Pakistan
QG37_06568	0.9806	CDC_B11112	Pakistan
QG37_06568	1.0295	CDC_B11113	Pakistan
QG37_06568	0.8966	CDC_B11114	Pakistan
QG37_06568	0.9958	CDC_B11115	Pakistan
QG37_06568	1.0631	CDC_B11116	Pakistan
QG37_06568	0.7901	CDC_B11117	Pakistan
QG37_06568	0.9605	CDC_B11118	Pakistan
QG37_06568	0.9115	CDC_B11119	Pakistan
QG37_06568	0.9161	CDC_B11200	India
QG37_06568	0.9605	CDC_B11201	India
QG37_06568	0.9039	CDC_B11205	India
QG37_06568	1.0259	CDC_B11206	India
QG37_06568	1.1018	CDC_B11207	India
QG37_06568	0.8814	CDC_B11208	India
QG37_06568	1.0498	CDC_B11209	India
QG37_06568	1.1301	CDC_B11210	India
QG37_06568	1.0695	CDC_B11212	India
QG37_06568	1.0250	CDC_B11213	India
QG37_06568	0.9975	CDC_B11214	India
QG37_06568	0.9807	CDC_B11215	India
QG37_06568	1.0439	CDC_B11216	India
QG37_06568	0.7799	CDC_B11217	India
QG37_06568	0.9618	CDC_B11218	India
QG37_06568	0.8607	CDC_B11219	India
QG37_06568	1.0042	CDC_B11220	Japan
QG37_06568	1.0597	CDC_B11221	South Africa
QG37_06568	0.9215	CDC_B11222	South Africa
QG37_06568	1.0899	CDC_B11223	South Africa
QG37_06568	1.0439	CDC_B11224	South Africa
QG37_06568	0.9020	CDC_B11225	South Africa
QG37_06568	0.8136	CDC_B11226	South Africa
QG37_06568	0.0377	CDC_B11227	South Africa
QG37_06568	0.8474	CDC_B11228	South Africa
QG37_06568	0.9889	CDC_B11229	South Africa
QG37_06568	0.9457	CDC_B11230	South Africa
QG37_06568	0.8595	CDC_B11243	Venezuela
QG37_06568	1.0780	CDC_B11244	Venezuela
QG37_06568	1.0198	CDC_B11245	Venezuela
QG37_06568	0.9602	CDC_B11246	Venezuela
QG37_06568	1.2227	CDC_B11247	Venezuela
QG37_06569	0.8380	CDC_B11096	Pakistan
QG37_06569	0.8461	CDC_B11097	Pakistan
QG37_06569	0.9106	CDC_B11098	Pakistan
QG37_06569	0.8839	CDC_B11099	Pakistan
QG37_06569	0.8305	CDC_B11101	Pakistan
QG37_06569	0.8981	CDC_B11102	Pakistan
QG37_06569	0.8488	CDC_B11103	Pakistan
QG37_06569	0.9721	CDC_B11105	Pakistan
QG37_06569	0.9898	CDC_B11112	Pakistan
QG37_06569	0.9322	CDC_B11113	Pakistan
QG37_06569	0.9080	CDC_B11114	Pakistan
QG37_06569	0.9076	CDC_B11115	Pakistan
QG37_06569	0.8981	CDC_B11116	Pakistan
QG37_06569	1.0339	CDC_B11117	Pakistan
QG37_06569	0.8140	CDC_B11118	Pakistan
QG37_06569	0.8172	CDC_B11119	Pakistan
QG37_06569	0.8763	CDC_B11200	India
QG37_06569	0.9816	CDC_B11201	India
QG37_06569	0.9038	CDC_B11205	India
QG37_06569	0.8785	CDC_B11206	India
QG37_06569	0.8174	CDC_B11207	India
QG37_06569	0.8105	CDC_B11208	India
QG37_06569	0.8582	CDC_B11209	India
QG37_06569	0.8750	CDC_B11210	India
QG37_06569	0.8410	CDC_B11212	India
QG37_06569	0.8329	CDC_B11213	India
QG37_06569	0.9212	CDC_B11214	India
QG37_06569	0.9261	CDC_B11215	India
QG37_06569	0.8878	CDC_B11216	India
QG37_06569	0.9594	CDC_B11217	India
QG37_06569	1.0760	CDC_B11218	India
QG37_06569	0.8131	CDC_B11219	India
QG37_06569	0.8375	CDC_B11220	Japan
QG37_06569	1.0061	CDC_B11221	South Africa
QG37_06569	0.9852	CDC_B11222	South Africa
QG37_06569	0.7896	CDC_B11223	South Africa
QG37_06569	1.0196	CDC_B11224	South Africa
QG37_06569	1.0017	CDC_B11225	South Africa
QG37_06569	0.8434	CDC_B11226	South Africa
QG37_06569	0.0466	CDC_B11227	South Africa
QG37_06569	1.0244	CDC_B11228	South Africa
QG37_06569	0.7904	CDC_B11229	South Africa
QG37_06569	0.8544	CDC_B11230	South Africa
QG37_06569	0.8567	CDC_B11243	Venezuela
QG37_06569	0.8214	CDC_B11244	Venezuela
QG37_06569	1.1005	CDC_B11245	Venezuela
QG37_06569	0.9005	CDC_B11246	Venezuela
QG37_06569	1.0359	CDC_B11247	Venezuela
QG37_06570	0.4888	CDC_B11096	Pakistan
QG37_06570	0.6284	CDC_B11097	Pakistan
QG37_06570	0.5266	CDC_B11098	Pakistan
QG37_06570	0.5628	CDC_B11099	Pakistan
QG37_06570	0.5771	CDC_B11101	Pakistan
QG37_06570	0.6669	CDC_B11102	Pakistan
QG37_06570	0.6475	CDC_B11103	Pakistan
QG37_06570	0.5842	CDC_B11105	Pakistan
QG37_06570	0.6495	CDC_B11112	Pakistan
QG37_06570	0.6145	CDC_B11113	Pakistan
QG37_06570	0.7001	CDC_B11114	Pakistan
QG37_06570	0.5753	CDC_B11115	Pakistan
QG37_06570	0.5126	CDC_B11116	Pakistan
QG37_06570	0.7917	CDC_B11117	Pakistan
QG37_06570	0.5989	CDC_B11118	Pakistan
QG37_06570	0.6347	CDC_B11119	Pakistan
QG37_06570	0.5995	CDC_B11200	India
QG37_06570	0.6389	CDC_B11201	India
QG37_06570	0.5676	CDC_B11205	India
QG37_06570	0.6691	CDC_B11206	India
QG37_06570	0.5209	CDC_B11207	India
QG37_06570	0.5798	CDC_B11208	India
QG37_06570	0.5006	CDC_B11209	India
QG37_06570	0.6460	CDC_B11210	India
QG37_06570	0.5992	CDC_B11212	India
QG37_06570	0.7079	CDC_B11213	India
QG37_06570	0.7344	CDC_B11214	India
QG37_06570	0.5528	CDC_B11215	India
QG37_06570	0.5450	CDC_B11216	India
QG37_06570	0.5787	CDC_B11217	India
QG37_06570	0.5593	CDC_B11218	India
QG37_06570	0.5994	CDC_B11219	India
QG37_06570	0.6405	CDC_B11220	Japan
QG37_06570	0.6925	CDC_B11221	South Africa
QG37_06570	0.5759	CDC_B11222	South Africa
QG37_06570	0.6610	CDC_B11223	South Africa
QG37_06570	0.6794	CDC_B11224	South Africa
QG37_06570	0.7280	CDC_B11225	South Africa
QG37_06570	0.6562	CDC_B11226	South Africa
QG37_06570	0.0189	CDC_B11227	South Africa
QG37_06570	0.7087	CDC_B11228	South Africa
QG37_06570	0.6937	CDC_B11229	South Africa
QG37_06570	0.7864	CDC_B11230	South Africa
QG37_06570	0.4809	CDC_B11243	Venezuela
QG37_06570	0.6178	CDC_B11244	Venezuela
QG37_06570	0.6375	CDC_B11245	Venezuela
QG37_06570	0.6027	CDC_B11246	Venezuela
QG37_06570	0.5892	CDC_B11247	Venezuela
QG37_06571	0.8279	CDC_B11096	Pakistan
QG37_06571	0.8036	CDC_B11097	Pakistan
QG37_06571	0.7832	CDC_B11098	Pakistan
QG37_06571	0.8864	CDC_B11099	Pakistan
QG37_06571	0.7814	CDC_B11101	Pakistan
QG37_06571	0.8516	CDC_B11102	Pakistan
QG37_06571	0.8352	CDC_B11103	Pakistan
QG37_06571	0.8526	CDC_B11105	Pakistan
QG37_06571	0.7974	CDC_B11112	Pakistan
QG37_06571	0.7439	CDC_B11113	Pakistan
QG37_06571	0.8146	CDC_B11114	Pakistan
QG37_06571	0.7171	CDC_B11115	Pakistan
QG37_06571	0.7686	CDC_B11116	Pakistan
QG37_06571	0.8018	CDC_B11117	Pakistan
QG37_06571	0.8281	CDC_B11118	Pakistan
QG37_06571	0.8235	CDC_B11119	Pakistan
QG37_06571	0.7477	CDC_B11200	India
QG37_06571	0.8320	CDC_B11201	India
QG37_06571	0.7982	CDC_B11205	India
QG37_06571	0.8489	CDC_B11206	India
QG37_06571	0.8361	CDC_B11207	India
QG37_06571	0.7431	CDC_B11208	India
QG37_06571	0.7754	CDC_B11209	India
QG37_06571	0.7940	CDC_B11210	India
QG37_06571	0.7452	CDC_B11212	India
QG37_06571	0.7891	CDC_B11213	India
QG37_06571	0.7629	CDC_B11214	India
QG37_06571	0.7235	CDC_B11215	India
QG37_06571	0.6700	CDC_B11216	India
QG37_06571	0.7745	CDC_B11217	India
QG37_06571	0.6877	CDC_B11218	India
QG37_06571	0.6849	CDC_B11219	India
QG37_06571	0.7757	CDC_B11220	Japan
QG37_06571	0.7319	CDC_B11221	South Africa
QG37_06571	0.8212	CDC_B11222	South Africa
QG37_06571	0.7914	CDC_B11223	South Africa
QG37_06571	0.7676	CDC_B11224	South Africa
QG37_06571	0.8128	CDC_B11225	South Africa
QG37_06571	0.8263	CDC_B11226	South Africa
QG37_06571	0.0464	CDC_B11227	South Africa
QG37_06571	0.8884	CDC_B11228	South Africa
QG37_06571	0.7032	CDC_B11229	South Africa
QG37_06571	0.8123	CDC_B11230	South Africa
QG37_06571	0.8675	CDC_B11243	Venezuela
QG37_06571	0.8341	CDC_B11244	Venezuela
QG37_06571	0.8007	CDC_B11245	Venezuela
QG37_06571	0.9099	CDC_B11246	Venezuela
QG37_06571	0.8246	CDC_B11247	Venezuela
QG37_06572	0.8609	CDC_B11096	Pakistan
QG37_06572	0.8383	CDC_B11097	Pakistan
QG37_06572	0.8883	CDC_B11098	Pakistan
QG37_06572	0.7649	CDC_B11099	Pakistan
QG37_06572	0.8139	CDC_B11101	Pakistan
QG37_06572	0.8522	CDC_B11102	Pakistan
QG37_06572	0.9150	CDC_B11103	Pakistan
QG37_06572	0.8351	CDC_B11105	Pakistan
QG37_06572	0.8176	CDC_B11112	Pakistan
QG37_06572	0.7524	CDC_B11113	Pakistan
QG37_06572	0.7761	CDC_B11114	Pakistan
QG37_06572	0.7583	CDC_B11115	Pakistan
QG37_06572	0.7552	CDC_B11116	Pakistan
QG37_06572	0.8485	CDC_B11117	Pakistan
QG37_06572	0.8485	CDC_B11118	Pakistan
QG37_06572	0.9449	CDC_B11119	Pakistan
QG37_06572	0.8442	CDC_B11200	India
QG37_06572	0.8540	CDC_B11201	India
QG37_06572	0.9326	CDC_B11205	India
QG37_06572	0.8659	CDC_B11206	India
QG37_06572	0.9620	CDC_B11207	India
QG37_06572	0.7769	CDC_B11208	India
QG37_06572	0.8772	CDC_B11209	India
QG37_06572	0.9312	CDC_B11210	India
QG37_06572	0.8536	CDC_B11212	India
QG37_06572	0.7486	CDC_B11213	India
QG37_06572	0.8268	CDC_B11214	India
QG37_06572	0.8826	CDC_B11215	India
QG37_06572	0.8177	CDC_B11216	India
QG37_06572	0.8615	CDC_B11217	India
QG37_06572	0.7228	CDC_B11218	India
QG37_06572	0.7413	CDC_B11219	India
QG37_06572	0.7894	CDC_B11220	Japan
QG37_06572	0.7523	CDC_B11221	South Africa
QG37_06572	0.8493	CDC_B11222	South Africa
QG37_06572	0.9437	CDC_B11223	South Africa
QG37_06572	0.7756	CDC_B11224	South Africa
QG37_06572	0.8201	CDC_B11225	South Africa
QG37_06572	0.8080	CDC_B11226	South Africa
QG37_06572	0.5501	CDC_B11227	South Africa
QG37_06572	0.9135	CDC_B11228	South Africa
QG37_06572	0.8221	CDC_B11229	South Africa
QG37_06572	0.8464	CDC_B11230	South Africa
QG37_06572	0.9410	CDC_B11243	Venezuela
QG37_06572	0.8750	CDC_B11244	Venezuela
QG37_06572	0.8031	CDC_B11245	Venezuela
QG37_06572	0.9401	CDC_B11246	Venezuela
QG37_06572	0.8583	CDC_B11247	Venezuela
QG37_06573	0.8900	CDC_B11096	Pakistan
QG37_06573	0.7855	CDC_B11097	Pakistan
QG37_06573	0.9404	CDC_B11098	Pakistan
QG37_06573	0.8844	CDC_B11099	Pakistan
QG37_06573	0.8648	CDC_B11101	Pakistan
QG37_06573	0.9198	CDC_B11102	Pakistan
QG37_06573	0.9484	CDC_B11103	Pakistan
QG37_06573	1.0590	CDC_B11105	Pakistan
QG37_06573	0.9713	CDC_B11112	Pakistan
QG37_06573	0.8046	CDC_B11113	Pakistan
QG37_06573	0.8204	CDC_B11114	Pakistan
QG37_06573	0.7671	CDC_B11115	Pakistan
QG37_06573	0.7327	CDC_B11116	Pakistan
QG37_06573	0.9771	CDC_B11117	Pakistan
QG37_06573	0.7269	CDC_B11118	Pakistan
QG37_06573	0.9584	CDC_B11119	Pakistan
QG37_06573	0.7737	CDC_B11200	India
QG37_06573	0.8492	CDC_B11201	India
QG37_06573	1.0362	CDC_B11205	India
QG37_06573	0.9485	CDC_B11206	India
QG37_06573	0.9003	CDC_B11207	India
QG37_06573	0.9399	CDC_B11208	India
QG37_06573	0.8510	CDC_B11209	India
QG37_06573	1.0329	CDC_B11210	India
QG37_06573	0.8968	CDC_B11212	India
QG37_06573	0.8540	CDC_B11213	India
QG37_06573	0.7807	CDC_B11214	India
QG37_06573	0.8265	CDC_B11215	India
QG37_06573	0.7925	CDC_B11216	India
QG37_06573	0.8578	CDC_B11217	India
QG37_06573	0.7937	CDC_B11218	India
QG37_06573	0.7666	CDC_B11219	India
QG37_06573	0.7888	CDC_B11220	Japan
QG37_06573	0.8751	CDC_B11221	South Africa
QG37_06573	0.7938	CDC_B11222	South Africa
QG37_06573	0.8957	CDC_B11223	South Africa
QG37_06573	0.8177	CDC_B11224	South Africa
QG37_06573	0.8877	CDC_B11225	South Africa
QG37_06573	0.8961	CDC_B11226	South Africa
QG37_06573	0.8795	CDC_B11227	South Africa
QG37_06573	0.8049	CDC_B11228	South Africa
QG37_06573	0.8572	CDC_B11229	South Africa
QG37_06573	0.8476	CDC_B11230	South Africa
QG37_06573	0.9494	CDC_B11243	Venezuela
QG37_06573	0.7368	CDC_B11244	Venezuela
QG37_06573	0.9363	CDC_B11245	Venezuela
QG37_06573	0.9459	CDC_B11246	Venezuela
QG37_06573	0.8755	CDC_B11247	Venezuela
QG37_06574	0.6531	CDC_B11096	Pakistan
QG37_06574	0.6366	CDC_B11097	Pakistan
QG37_06574	0.7250	CDC_B11098	Pakistan
QG37_06574	0.7538	CDC_B11099	Pakistan
QG37_06574	0.6659	CDC_B11101	Pakistan
QG37_06574	0.8024	CDC_B11102	Pakistan
QG37_06574	0.8689	CDC_B11103	Pakistan
QG37_06574	0.8611	CDC_B11105	Pakistan
QG37_06574	0.6657	CDC_B11112	Pakistan
QG37_06574	0.6139	CDC_B11113	Pakistan
QG37_06574	0.6853	CDC_B11114	Pakistan
QG37_06574	0.7556	CDC_B11115	Pakistan
QG37_06574	0.7042	CDC_B11116	Pakistan
QG37_06574	0.7123	CDC_B11117	Pakistan
QG37_06574	0.7176	CDC_B11118	Pakistan
QG37_06574	0.7120	CDC_B11119	Pakistan
QG37_06574	0.7298	CDC_B11200	India
QG37_06574	0.6371	CDC_B11201	India
QG37_06574	0.7219	CDC_B11205	India
QG37_06574	0.7973	CDC_B11206	India
QG37_06574	0.5450	CDC_B11207	India
QG37_06574	0.6348	CDC_B11208	India
QG37_06574	0.6437	CDC_B11209	India
QG37_06574	0.7299	CDC_B11210	India
QG37_06574	0.7394	CDC_B11212	India
QG37_06574	0.6612	CDC_B11213	India
QG37_06574	0.7204	CDC_B11214	India
QG37_06574	0.7229	CDC_B11215	India
QG37_06574	0.6711	CDC_B11216	India
QG37_06574	0.7572	CDC_B11217	India
QG37_06574	0.6961	CDC_B11218	India
QG37_06574	0.6626	CDC_B11219	India
QG37_06574	0.7499	CDC_B11220	Japan
QG37_06574	0.6628	CDC_B11221	South Africa
QG37_06574	0.7719	CDC_B11222	South Africa
QG37_06574	0.8244	CDC_B11223	South Africa
QG37_06574	0.7703	CDC_B11224	South Africa
QG37_06574	0.8077	CDC_B11225	South Africa
QG37_06574	0.7434	CDC_B11226	South Africa
QG37_06574	0.8195	CDC_B11227	South Africa
QG37_06574	0.8338	CDC_B11228	South Africa
QG37_06574	0.9166	CDC_B11229	South Africa
QG37_06574	0.7984	CDC_B11230	South Africa
QG37_06574	0.9331	CDC_B11243	Venezuela
QG37_06574	0.8006	CDC_B11244	Venezuela
QG37_06574	0.9416	CDC_B11245	Venezuela
QG37_06574	0.7196	CDC_B11246	Venezuela
QG37_06574	0.9346	CDC_B11247	Venezuela
QG37_06577	0.9753	CDC_B11096	Pakistan
QG37_06577	0.9233	CDC_B11097	Pakistan
QG37_06577	0.9583	CDC_B11098	Pakistan
QG37_06577	0.9635	CDC_B11099	Pakistan
QG37_06577	0.9946	CDC_B11101	Pakistan
QG37_06577	0.9380	CDC_B11102	Pakistan
QG37_06577	1.0092	CDC_B11103	Pakistan
QG37_06577	1.0349	CDC_B11105	Pakistan
QG37_06577	1.0286	CDC_B11112	Pakistan
QG37_06577	0.9348	CDC_B11113	Pakistan
QG37_06577	1.0332	CDC_B11114	Pakistan
QG37_06577	0.9707	CDC_B11115	Pakistan
QG37_06577	1.0356	CDC_B11116	Pakistan
QG37_06577	0.9598	CDC_B11117	Pakistan
QG37_06577	0.9502	CDC_B11118	Pakistan
QG37_06577	1.0422	CDC_B11119	Pakistan
QG37_06577	1.0230	CDC_B11200	India
QG37_06577	0.9861	CDC_B11201	India
QG37_06577	0.9795	CDC_B11205	India
QG37_06577	1.0671	CDC_B11206	India
QG37_06577	1.0314	CDC_B11207	India
QG37_06577	1.0153	CDC_B11208	India
QG37_06577	0.9732	CDC_B11209	India
QG37_06577	0.9283	CDC_B11210	India
QG37_06577	1.0141	CDC_B11212	India
QG37_06577	0.9572	CDC_B11213	India
QG37_06577	0.9824	CDC_B11214	India
QG37_06577	0.9525	CDC_B11215	India
QG37_06577	0.9493	CDC_B11216	India
QG37_06577	0.9054	CDC_B11217	India
QG37_06577	1.0072	CDC_B11218	India
QG37_06577	0.9823	CDC_B11219	India
QG37_06577	0.9772	CDC_B11220	Japan
QG37_06577	0.9982	CDC_B11221	South Africa
QG37_06577	0.9666	CDC_B11222	South Africa
QG37_06577	0.9959	CDC_B11223	South Africa
QG37_06577	1.0584	CDC_B11224	South Africa
QG37_06577	0.9603	CDC_B11225	South Africa
QG37_06577	0.9801	CDC_B11226	South Africa
QG37_06577	1.0464	CDC_B11227	South Africa
QG37_06577	1.0029	CDC_B11228	South Africa
QG37_06577	0.9982	CDC_B11229	South Africa
QG37_06577	0.9559	CDC_B11230	South Africa
QG37_06577	0.9762	CDC_B11243	Venezuela
QG37_06577	1.0579	CDC_B11244	Venezuela
QG37_06577	1.0514	CDC_B11245	Venezuela
QG37_06577	1.1014	CDC_B11246	Venezuela
QG37_06577	1.0295	CDC_B11247	Venezuela
QG37_06578	1.0039	CDC_B11096	Pakistan
QG37_06578	0.7907	CDC_B11097	Pakistan
QG37_06578	0.8920	CDC_B11098	Pakistan
QG37_06578	0.7919	CDC_B11099	Pakistan
QG37_06578	0.9426	CDC_B11101	Pakistan
QG37_06578	0.9064	CDC_B11102	Pakistan
QG37_06578	0.9581	CDC_B11103	Pakistan
QG37_06578	0.8287	CDC_B11105	Pakistan
QG37_06578	1.0208	CDC_B11112	Pakistan
QG37_06578	0.7468	CDC_B11113	Pakistan
QG37_06578	0.9951	CDC_B11114	Pakistan
QG37_06578	0.9544	CDC_B11115	Pakistan
QG37_06578	0.9540	CDC_B11116	Pakistan
QG37_06578	0.8474	CDC_B11117	Pakistan
QG37_06578	0.8391	CDC_B11118	Pakistan
QG37_06578	0.8770	CDC_B11119	Pakistan
QG37_06578	0.9759	CDC_B11200	India
QG37_06578	0.8338	CDC_B11201	India
QG37_06578	0.9055	CDC_B11205	India
QG37_06578	0.8841	CDC_B11206	India
QG37_06578	0.9517	CDC_B11207	India
QG37_06578	0.7607	CDC_B11208	India
QG37_06578	0.8811	CDC_B11209	India
QG37_06578	0.8965	CDC_B11210	India
QG37_06578	0.9796	CDC_B11212	India
QG37_06578	0.9035	CDC_B11213	India
QG37_06578	0.8958	CDC_B11214	India
QG37_06578	0.9103	CDC_B11215	India
QG37_06578	0.7602	CDC_B11216	India
QG37_06578	0.8169	CDC_B11217	India
QG37_06578	0.7095	CDC_B11218	India
QG37_06578	0.8492	CDC_B11219	India
QG37_06578	0.8507	CDC_B11220	Japan
QG37_06578	0.9187	CDC_B11221	South Africa
QG37_06578	1.1074	CDC_B11222	South Africa
QG37_06578	0.6598	CDC_B11223	South Africa
QG37_06578	0.7790	CDC_B11224	South Africa
QG37_06578	0.8296	CDC_B11225	South Africa
QG37_06578	0.8990	CDC_B11226	South Africa
QG37_06578	0.9287	CDC_B11227	South Africa
QG37_06578	0.9202	CDC_B11228	South Africa
QG37_06578	0.9953	CDC_B11229	South Africa
QG37_06578	0.8805	CDC_B11230	South Africa
QG37_06578	1.0251	CDC_B11243	Venezuela
QG37_06578	0.9835	CDC_B11244	Venezuela
QG37_06578	0.8966	CDC_B11245	Venezuela
QG37_06578	0.9554	CDC_B11246	Venezuela
QG37_06578	0.9000	CDC_B11247	Venezuela
QG37_06579	0.8873	CDC_B11096	Pakistan
QG37_06579	0.7358	CDC_B11097	Pakistan
QG37_06579	0.8860	CDC_B11098	Pakistan
QG37_06579	0.8729	CDC_B11099	Pakistan
QG37_06579	0.9186	CDC_B11101	Pakistan
QG37_06579	0.8969	CDC_B11102	Pakistan
QG37_06579	0.8171	CDC_B11103	Pakistan
QG37_06579	0.7733	CDC_B11105	Pakistan
QG37_06579	0.8907	CDC_B11112	Pakistan
QG37_06579	0.8368	CDC_B11113	Pakistan
QG37_06579	0.9847	CDC_B11114	Pakistan
QG37_06579	0.8821	CDC_B11115	Pakistan
QG37_06579	0.8302	CDC_B11116	Pakistan
QG37_06579	0.8922	CDC_B11117	Pakistan
QG37_06579	0.8938	CDC_B11118	Pakistan
QG37_06579	0.9090	CDC_B11119	Pakistan
QG37_06579	0.8090	CDC_B11200	India
QG37_06579	0.7677	CDC_B11201	India
QG37_06579	0.7109	CDC_B11205	India
QG37_06579	0.8715	CDC_B11206	India
QG37_06579	0.8482	CDC_B11207	India
QG37_06579	0.7902	CDC_B11208	India
QG37_06579	0.7625	CDC_B11209	India
QG37_06579	0.7327	CDC_B11210	India
QG37_06579	0.8268	CDC_B11212	India
QG37_06579	0.8570	CDC_B11213	India
QG37_06579	0.8391	CDC_B11214	India
QG37_06579	0.7722	CDC_B11215	India
QG37_06579	0.8012	CDC_B11216	India
QG37_06579	0.8933	CDC_B11217	India
QG37_06579	0.6859	CDC_B11218	India
QG37_06579	0.7986	CDC_B11219	India
QG37_06579	0.8744	CDC_B11220	Japan
QG37_06579	0.8537	CDC_B11221	South Africa
QG37_06579	0.7809	CDC_B11222	South Africa
QG37_06579	0.8868	CDC_B11223	South Africa
QG37_06579	0.7557	CDC_B11224	South Africa
QG37_06579	0.8662	CDC_B11225	South Africa
QG37_06579	0.9025	CDC_B11226	South Africa
QG37_06579	0.9120	CDC_B11227	South Africa
QG37_06579	0.7641	CDC_B11228	South Africa
QG37_06579	0.8344	CDC_B11229	South Africa
QG37_06579	0.8203	CDC_B11230	South Africa
QG37_06579	0.9238	CDC_B11243	Venezuela
QG37_06579	0.8741	CDC_B11244	Venezuela
QG37_06579	0.8288	CDC_B11245	Venezuela
QG37_06579	0.7322	CDC_B11246	Venezuela
QG37_06579	0.8050	CDC_B11247	Venezuela
QG37_06580	1.1539	CDC_B11096	Pakistan
QG37_06580	0.9763	CDC_B11097	Pakistan
QG37_06580	0.8843	CDC_B11098	Pakistan
QG37_06580	1.0234	CDC_B11099	Pakistan
QG37_06580	0.9160	CDC_B11101	Pakistan
QG37_06580	1.0381	CDC_B11102	Pakistan
QG37_06580	0.8900	CDC_B11103	Pakistan
QG37_06580	1.1354	CDC_B11105	Pakistan
QG37_06580	0.9402	CDC_B11112	Pakistan
QG37_06580	1.0545	CDC_B11113	Pakistan
QG37_06580	1.0105	CDC_B11114	Pakistan
QG37_06580	1.0192	CDC_B11115	Pakistan
QG37_06580	1.0964	CDC_B11116	Pakistan
QG37_06580	1.0082	CDC_B11117	Pakistan
QG37_06580	1.0910	CDC_B11118	Pakistan
QG37_06580	1.0263	CDC_B11119	Pakistan
QG37_06580	1.1289	CDC_B11200	India
QG37_06580	1.1271	CDC_B11201	India
QG37_06580	1.0815	CDC_B11205	India
QG37_06580	1.0656	CDC_B11206	India
QG37_06580	1.1631	CDC_B11207	India
QG37_06580	1.0384	CDC_B11208	India
QG37_06580	1.0871	CDC_B11209	India
QG37_06580	0.9880	CDC_B11210	India
QG37_06580	1.1676	CDC_B11212	India
QG37_06580	0.9706	CDC_B11213	India
QG37_06580	0.8715	CDC_B11214	India
QG37_06580	0.9388	CDC_B11215	India
QG37_06580	0.9295	CDC_B11216	India
QG37_06580	0.9648	CDC_B11217	India
QG37_06580	1.0205	CDC_B11218	India
QG37_06580	1.0571	CDC_B11219	India
QG37_06580	1.0255	CDC_B11220	Japan
QG37_06580	1.0349	CDC_B11221	South Africa
QG37_06580	0.9989	CDC_B11222	South Africa
QG37_06580	1.0120	CDC_B11223	South Africa
QG37_06580	1.2470	CDC_B11224	South Africa
QG37_06580	1.0951	CDC_B11225	South Africa
QG37_06580	1.2593	CDC_B11226	South Africa
QG37_06580	0.9078	CDC_B11227	South Africa
QG37_06580	1.1021	CDC_B11228	South Africa
QG37_06580	0.9595	CDC_B11229	South Africa
QG37_06580	0.9261	CDC_B11230	South Africa
QG37_06580	0.9856	CDC_B11243	Venezuela
QG37_06580	0.8936	CDC_B11244	Venezuela
QG37_06580	1.2149	CDC_B11245	Venezuela
QG37_06580	1.0136	CDC_B11246	Venezuela
QG37_06580	1.0251	CDC_B11247	Venezuela
QG37_06581	1.0272	CDC_B11096	Pakistan
QG37_06581	1.1043	CDC_B11097	Pakistan
QG37_06581	0.9989	CDC_B11098	Pakistan
QG37_06581	0.9619	CDC_B11099	Pakistan
QG37_06581	0.8209	CDC_B11101	Pakistan
QG37_06581	1.0899	CDC_B11102	Pakistan
QG37_06581	0.8585	CDC_B11103	Pakistan
QG37_06581	0.9450	CDC_B11105	Pakistan
QG37_06581	0.9308	CDC_B11112	Pakistan
QG37_06581	0.9907	CDC_B11113	Pakistan
QG37_06581	0.8538	CDC_B11114	Pakistan
QG37_06581	0.8640	CDC_B11115	Pakistan
QG37_06581	0.9406	CDC_B11116	Pakistan
QG37_06581	0.9821	CDC_B11117	Pakistan
QG37_06581	0.9216	CDC_B11118	Pakistan
QG37_06581	0.8915	CDC_B11119	Pakistan
QG37_06581	0.9418	CDC_B11200	India
QG37_06581	0.9644	CDC_B11201	India
QG37_06581	0.9496	CDC_B11205	India
QG37_06581	0.9723	CDC_B11206	India
QG37_06581	1.1035	CDC_B11207	India
QG37_06581	0.8070	CDC_B11208	India
QG37_06581	0.9689	CDC_B11209	India
QG37_06581	0.8388	CDC_B11210	India
QG37_06581	1.1212	CDC_B11212	India
QG37_06581	0.9756	CDC_B11213	India
QG37_06581	0.8173	CDC_B11214	India
QG37_06581	0.8487	CDC_B11215	India
QG37_06581	0.7746	CDC_B11216	India
QG37_06581	0.9030	CDC_B11217	India
QG37_06581	0.9730	CDC_B11218	India
QG37_06581	0.8036	CDC_B11219	India
QG37_06581	0.9857	CDC_B11220	Japan
QG37_06581	1.0343	CDC_B11221	South Africa
QG37_06581	1.0734	CDC_B11222	South Africa
QG37_06581	0.8718	CDC_B11223	South Africa
QG37_06581	1.0280	CDC_B11224	South Africa
QG37_06581	1.0541	CDC_B11225	South Africa
QG37_06581	1.0257	CDC_B11226	South Africa
QG37_06581	0.7988	CDC_B11227	South Africa
QG37_06581	0.9509	CDC_B11228	South Africa
QG37_06581	0.7746	CDC_B11229	South Africa
QG37_06581	0.9490	CDC_B11230	South Africa
QG37_06581	0.8749	CDC_B11243	Venezuela
QG37_06581	0.7994	CDC_B11244	Venezuela
QG37_06581	1.2064	CDC_B11245	Venezuela
QG37_06581	0.8367	CDC_B11246	Venezuela
QG37_06581	0.8554	CDC_B11247	Venezuela
QG37_06582	1.0002	CDC_B11096	Pakistan
QG37_06582	0.9113	CDC_B11097	Pakistan
QG37_06582	1.0138	CDC_B11098	Pakistan
QG37_06582	0.6845	CDC_B11099	Pakistan
QG37_06582	0.9936	CDC_B11101	Pakistan
QG37_06582	1.0314	CDC_B11102	Pakistan
QG37_06582	0.9044	CDC_B11103	Pakistan
QG37_06582	0.9625	CDC_B11105	Pakistan
QG37_06582	0.9546	CDC_B11112	Pakistan
QG37_06582	0.9122	CDC_B11113	Pakistan
QG37_06582	0.9170	CDC_B11114	Pakistan
QG37_06582	0.8882	CDC_B11115	Pakistan
QG37_06582	0.9462	CDC_B11116	Pakistan
QG37_06582	1.0188	CDC_B11117	Pakistan
QG37_06582	0.9452	CDC_B11118	Pakistan
QG37_06582	0.8991	CDC_B11119	Pakistan
QG37_06582	0.9059	CDC_B11200	India
QG37_06582	0.8962	CDC_B11201	India
QG37_06582	0.9019	CDC_B11205	India
QG37_06582	0.8549	CDC_B11206	India
QG37_06582	0.9297	CDC_B11207	India
QG37_06582	0.8773	CDC_B11208	India
QG37_06582	0.9579	CDC_B11209	India
QG37_06582	0.9332	CDC_B11210	India
QG37_06582	0.9366	CDC_B11212	India
QG37_06582	1.0158	CDC_B11213	India
QG37_06582	0.9522	CDC_B11214	India
QG37_06582	0.7937	CDC_B11215	India
QG37_06582	0.8610	CDC_B11216	India
QG37_06582	0.8209	CDC_B11217	India
QG37_06582	0.8283	CDC_B11218	India
QG37_06582	0.7933	CDC_B11219	India
QG37_06582	0.8130	CDC_B11220	Japan
QG37_06582	0.9948	CDC_B11221	South Africa
QG37_06582	0.9293	CDC_B11222	South Africa
QG37_06582	0.8596	CDC_B11223	South Africa
QG37_06582	0.9196	CDC_B11224	South Africa
QG37_06582	0.9095	CDC_B11225	South Africa
QG37_06582	0.8489	CDC_B11226	South Africa
QG37_06582	0.9303	CDC_B11227	South Africa
QG37_06582	0.9838	CDC_B11228	South Africa
QG37_06582	0.9195	CDC_B11229	South Africa
QG37_06582	0.9360	CDC_B11230	South Africa
QG37_06582	1.0142	CDC_B11243	Venezuela
QG37_06582	0.9189	CDC_B11244	Venezuela
QG37_06582	0.9553	CDC_B11245	Venezuela
QG37_06582	1.0106	CDC_B11246	Venezuela
QG37_06582	0.9672	CDC_B11247	Venezuela
QG37_06583	0.8979	CDC_B11096	Pakistan
QG37_06583	0.8412	CDC_B11097	Pakistan
QG37_06583	0.8649	CDC_B11098	Pakistan
QG37_06583	0.9442	CDC_B11099	Pakistan
QG37_06583	0.9108	CDC_B11101	Pakistan
QG37_06583	1.0115	CDC_B11102	Pakistan
QG37_06583	0.9844	CDC_B11103	Pakistan
QG37_06583	0.8753	CDC_B11105	Pakistan
QG37_06583	0.9312	CDC_B11112	Pakistan
QG37_06583	1.0108	CDC_B11113	Pakistan
QG37_06583	0.9684	CDC_B11114	Pakistan
QG37_06583	0.7468	CDC_B11115	Pakistan
QG37_06583	0.7914	CDC_B11116	Pakistan
QG37_06583	0.8590	CDC_B11117	Pakistan
QG37_06583	0.9308	CDC_B11118	Pakistan
QG37_06583	0.9124	CDC_B11119	Pakistan
QG37_06583	0.8773	CDC_B11200	India
QG37_06583	0.9784	CDC_B11201	India
QG37_06583	0.9565	CDC_B11205	India
QG37_06583	0.8814	CDC_B11206	India
QG37_06583	0.8674	CDC_B11207	India
QG37_06583	0.9544	CDC_B11208	India
QG37_06583	0.8865	CDC_B11209	India
QG37_06583	0.9479	CDC_B11210	India
QG37_06583	0.9145	CDC_B11212	India
QG37_06583	0.8417	CDC_B11213	India
QG37_06583	0.8024	CDC_B11214	India
QG37_06583	0.9007	CDC_B11215	India
QG37_06583	0.7393	CDC_B11216	India
QG37_06583	0.5835	CDC_B11217	India
QG37_06583	0.8025	CDC_B11218	India
QG37_06583	0.9102	CDC_B11219	India
QG37_06583	0.8338	CDC_B11220	Japan
QG37_06583	0.7522	CDC_B11221	South Africa
QG37_06583	0.9924	CDC_B11222	South Africa
QG37_06583	1.0206	CDC_B11223	South Africa
QG37_06583	1.0587	CDC_B11224	South Africa
QG37_06583	1.0158	CDC_B11225	South Africa
QG37_06583	0.9283	CDC_B11226	South Africa
QG37_06583	0.9648	CDC_B11227	South Africa
QG37_06583	0.9206	CDC_B11228	South Africa
QG37_06583	0.9859	CDC_B11229	South Africa
QG37_06583	0.8715	CDC_B11230	South Africa
QG37_06583	0.8676	CDC_B11243	Venezuela
QG37_06583	0.9464	CDC_B11244	Venezuela
QG37_06583	0.9270	CDC_B11245	Venezuela
QG37_06583	0.9745	CDC_B11246	Venezuela
QG37_06583	0.9129	CDC_B11247	Venezuela
QG37_06584	0.8087	CDC_B11096	Pakistan
QG37_06584	0.8351	CDC_B11097	Pakistan
QG37_06584	0.6392	CDC_B11098	Pakistan
QG37_06584	0.7301	CDC_B11099	Pakistan
QG37_06584	0.6767	CDC_B11101	Pakistan
QG37_06584	0.8851	CDC_B11102	Pakistan
QG37_06584	0.7216	CDC_B11103	Pakistan
QG37_06584	0.8035	CDC_B11105	Pakistan
QG37_06584	0.6850	CDC_B11112	Pakistan
QG37_06584	0.6303	CDC_B11113	Pakistan
QG37_06584	0.8969	CDC_B11114	Pakistan
QG37_06584	0.6799	CDC_B11115	Pakistan
QG37_06584	0.6630	CDC_B11116	Pakistan
QG37_06584	0.8284	CDC_B11117	Pakistan
QG37_06584	0.9122	CDC_B11118	Pakistan
QG37_06584	0.7748	CDC_B11119	Pakistan
QG37_06584	0.7470	CDC_B11200	India
QG37_06584	0.9113	CDC_B11201	India
QG37_06584	0.8394	CDC_B11205	India
QG37_06584	0.7267	CDC_B11206	India
QG37_06584	0.8456	CDC_B11207	India
QG37_06584	0.8433	CDC_B11208	India
QG37_06584	0.9018	CDC_B11209	India
QG37_06584	0.7601	CDC_B11210	India
QG37_06584	0.7292	CDC_B11212	India
QG37_06584	0.6960	CDC_B11213	India
QG37_06584	0.7355	CDC_B11214	India
QG37_06584	0.5953	CDC_B11215	India
QG37_06584	0.7145	CDC_B11216	India
QG37_06584	0.7830	CDC_B11217	India
QG37_06584	0.7729	CDC_B11218	India
QG37_06584	0.8280	CDC_B11219	India
QG37_06584	0.7458	CDC_B11220	Japan
QG37_06584	0.8686	CDC_B11221	South Africa
QG37_06584	0.8736	CDC_B11222	South Africa
QG37_06584	1.0429	CDC_B11223	South Africa
QG37_06584	0.9485	CDC_B11224	South Africa
QG37_06584	0.7320	CDC_B11225	South Africa
QG37_06584	0.8131	CDC_B11226	South Africa
QG37_06584	0.7715	CDC_B11227	South Africa
QG37_06584	0.9485	CDC_B11228	South Africa
QG37_06584	0.9861	CDC_B11229	South Africa
QG37_06584	0.8179	CDC_B11230	South Africa
QG37_06584	0.9530	CDC_B11243	Venezuela
QG37_06584	0.6783	CDC_B11244	Venezuela
QG37_06584	0.8093	CDC_B11245	Venezuela
QG37_06584	0.9034	CDC_B11246	Venezuela
QG37_06584	0.9319	CDC_B11247	Venezuela
QG37_06585	0.4640	CDC_B11096	Pakistan
QG37_06585	0.4350	CDC_B11097	Pakistan
QG37_06585	0.2889	CDC_B11098	Pakistan
QG37_06585	0.3546	CDC_B11099	Pakistan
QG37_06585	0.3225	CDC_B11101	Pakistan
QG37_06585	0.5403	CDC_B11102	Pakistan
QG37_06585	0.4180	CDC_B11103	Pakistan
QG37_06585	0.5022	CDC_B11105	Pakistan
QG37_06585	0.4909	CDC_B11112	Pakistan
QG37_06585	0.3961	CDC_B11113	Pakistan
QG37_06585	0.3740	CDC_B11114	Pakistan
QG37_06585	0.3837	CDC_B11115	Pakistan
QG37_06585	0.3257	CDC_B11116	Pakistan
QG37_06585	0.3793	CDC_B11117	Pakistan
QG37_06585	0.3943	CDC_B11118	Pakistan
QG37_06585	0.3852	CDC_B11119	Pakistan
QG37_06585	0.3735	CDC_B11200	India
QG37_06585	0.4871	CDC_B11201	India
QG37_06585	0.4013	CDC_B11205	India
QG37_06585	0.4077	CDC_B11206	India
QG37_06585	0.4596	CDC_B11207	India
QG37_06585	0.4788	CDC_B11208	India
QG37_06585	0.3681	CDC_B11209	India
QG37_06585	0.3795	CDC_B11210	India
QG37_06585	0.4433	CDC_B11212	India
QG37_06585	0.4185	CDC_B11213	India
QG37_06585	0.3634	CDC_B11214	India
QG37_06585	0.3582	CDC_B11215	India
QG37_06585	0.3490	CDC_B11216	India
QG37_06585	0.3307	CDC_B11217	India
QG37_06585	0.4047	CDC_B11218	India
QG37_06585	0.3907	CDC_B11219	India
QG37_06585	0.4656	CDC_B11220	Japan
QG37_06585	0.6222	CDC_B11221	South Africa
QG37_06585	0.7396	CDC_B11222	South Africa
QG37_06585	0.5093	CDC_B11223	South Africa
QG37_06585	0.6091	CDC_B11224	South Africa
QG37_06585	0.6838	CDC_B11225	South Africa
QG37_06585	0.6487	CDC_B11226	South Africa
QG37_06585	0.5527	CDC_B11227	South Africa
QG37_06585	0.6788	CDC_B11228	South Africa
QG37_06585	0.6677	CDC_B11229	South Africa
QG37_06585	0.6186	CDC_B11230	South Africa
QG37_06585	0.5952	CDC_B11243	Venezuela
QG37_06585	0.4232	CDC_B11244	Venezuela
QG37_06585	0.4629	CDC_B11245	Venezuela
QG37_06585	0.5716	CDC_B11246	Venezuela
QG37_06585	0.5645	CDC_B11247	Venezuela
QG37_06586	0.8644	CDC_B11096	Pakistan
QG37_06586	0.6067	CDC_B11097	Pakistan
QG37_06586	0.6121	CDC_B11098	Pakistan
QG37_06586	0.5717	CDC_B11099	Pakistan
QG37_06586	0.5571	CDC_B11101	Pakistan
QG37_06586	0.8557	CDC_B11102	Pakistan
QG37_06586	0.7146	CDC_B11103	Pakistan
QG37_06586	0.8722	CDC_B11105	Pakistan
QG37_06586	0.7358	CDC_B11112	Pakistan
QG37_06586	0.5859	CDC_B11113	Pakistan
QG37_06586	0.5165	CDC_B11114	Pakistan
QG37_06586	0.7862	CDC_B11115	Pakistan
QG37_06586	0.6230	CDC_B11116	Pakistan
QG37_06586	0.6198	CDC_B11117	Pakistan
QG37_06586	0.7389	CDC_B11118	Pakistan
QG37_06586	0.6980	CDC_B11119	Pakistan
QG37_06586	0.8096	CDC_B11200	India
QG37_06586	0.7328	CDC_B11201	India
QG37_06586	0.7677	CDC_B11205	India
QG37_06586	0.7249	CDC_B11206	India
QG37_06586	0.7574	CDC_B11207	India
QG37_06586	0.7127	CDC_B11208	India
QG37_06586	0.6347	CDC_B11209	India
QG37_06586	0.6488	CDC_B11210	India
QG37_06586	0.8061	CDC_B11212	India
QG37_06586	0.7231	CDC_B11213	India
QG37_06586	0.7781	CDC_B11214	India
QG37_06586	0.5830	CDC_B11215	India
QG37_06586	0.6953	CDC_B11216	India
QG37_06586	0.5438	CDC_B11217	India
QG37_06586	0.7525	CDC_B11218	India
QG37_06586	0.5647	CDC_B11219	India
QG37_06586	0.8193	CDC_B11220	Japan
QG37_06586	0.6179	CDC_B11221	South Africa
QG37_06586	0.9378	CDC_B11222	South Africa
QG37_06586	0.7882	CDC_B11223	South Africa
QG37_06586	0.8142	CDC_B11224	South Africa
QG37_06586	0.7093	CDC_B11225	South Africa
QG37_06586	0.7646	CDC_B11226	South Africa
QG37_06586	0.6982	CDC_B11227	South Africa
QG37_06586	0.9685	CDC_B11228	South Africa
QG37_06586	0.8903	CDC_B11229	South Africa
QG37_06586	0.8536	CDC_B11230	South Africa
QG37_06586	0.8661	CDC_B11243	Venezuela
QG37_06586	0.7479	CDC_B11244	Venezuela
QG37_06586	0.7553	CDC_B11245	Venezuela
QG37_06586	0.7626	CDC_B11246	Venezuela
QG37_06586	0.8747	CDC_B11247	Venezuela
QG37_06587	1.0093	CDC_B11096	Pakistan
QG37_06587	0.8904	CDC_B11097	Pakistan
QG37_06587	0.8606	CDC_B11098	Pakistan
QG37_06587	0.8952	CDC_B11099	Pakistan
QG37_06587	0.7881	CDC_B11101	Pakistan
QG37_06587	0.9171	CDC_B11102	Pakistan
QG37_06587	0.9148	CDC_B11103	Pakistan
QG37_06587	0.8295	CDC_B11105	Pakistan
QG37_06587	0.9096	CDC_B11112	Pakistan
QG37_06587	0.8324	CDC_B11113	Pakistan
QG37_06587	0.8835	CDC_B11114	Pakistan
QG37_06587	0.8766	CDC_B11115	Pakistan
QG37_06587	0.7432	CDC_B11116	Pakistan
QG37_06587	0.9609	CDC_B11117	Pakistan
QG37_06587	0.9991	CDC_B11118	Pakistan
QG37_06587	0.9392	CDC_B11119	Pakistan
QG37_06587	0.9722	CDC_B11200	India
QG37_06587	0.8878	CDC_B11201	India
QG37_06587	0.9792	CDC_B11205	India
QG37_06587	0.8916	CDC_B11206	India
QG37_06587	0.9550	CDC_B11207	India
QG37_06587	0.8835	CDC_B11208	India
QG37_06587	0.8681	CDC_B11209	India
QG37_06587	0.9211	CDC_B11210	India
QG37_06587	1.0402	CDC_B11212	India
QG37_06587	0.9164	CDC_B11213	India
QG37_06587	0.9229	CDC_B11214	India
QG37_06587	0.7860	CDC_B11215	India
QG37_06587	0.8953	CDC_B11216	India
QG37_06587	0.7717	CDC_B11217	India
QG37_06587	0.9012	CDC_B11218	India
QG37_06587	0.8272	CDC_B11219	India
QG37_06587	0.8416	CDC_B11220	Japan
QG37_06587	0.9168	CDC_B11221	South Africa
QG37_06587	0.9229	CDC_B11222	South Africa
QG37_06587	0.9209	CDC_B11223	South Africa
QG37_06587	0.9289	CDC_B11224	South Africa
QG37_06587	0.8669	CDC_B11225	South Africa
QG37_06587	0.9174	CDC_B11226	South Africa
QG37_06587	0.9646	CDC_B11227	South Africa
QG37_06587	0.9104	CDC_B11228	South Africa
QG37_06587	0.9780	CDC_B11229	South Africa
QG37_06587	1.0241	CDC_B11230	South Africa
QG37_06587	1.0129	CDC_B11243	Venezuela
QG37_06587	0.8751	CDC_B11244	Venezuela
QG37_06587	0.9348	CDC_B11245	Venezuela
QG37_06587	0.9577	CDC_B11246	Venezuela
QG37_06587	0.8809	CDC_B11247	Venezuela
QG37_06588	0.9291	CDC_B11096	Pakistan
QG37_06588	0.9015	CDC_B11097	Pakistan
QG37_06588	0.8413	CDC_B11098	Pakistan
QG37_06588	1.0223	CDC_B11099	Pakistan
QG37_06588	0.8535	CDC_B11101	Pakistan
QG37_06588	1.0107	CDC_B11102	Pakistan
QG37_06588	0.7542	CDC_B11103	Pakistan
QG37_06588	0.9710	CDC_B11105	Pakistan
QG37_06588	0.9712	CDC_B11112	Pakistan
QG37_06588	0.8729	CDC_B11113	Pakistan
QG37_06588	0.8186	CDC_B11114	Pakistan
QG37_06588	0.9552	CDC_B11115	Pakistan
QG37_06588	0.8382	CDC_B11116	Pakistan
QG37_06588	1.0725	CDC_B11117	Pakistan
QG37_06588	1.0362	CDC_B11118	Pakistan
QG37_06588	0.7894	CDC_B11119	Pakistan
QG37_06588	0.9015	CDC_B11200	India
QG37_06588	0.7914	CDC_B11201	India
QG37_06588	0.9983	CDC_B11205	India
QG37_06588	0.7994	CDC_B11206	India
QG37_06588	1.0098	CDC_B11207	India
QG37_06588	0.9996	CDC_B11208	India
QG37_06588	0.9452	CDC_B11209	India
QG37_06588	0.9313	CDC_B11210	India
QG37_06588	0.8681	CDC_B11212	India
QG37_06588	0.8724	CDC_B11213	India
QG37_06588	0.9599	CDC_B11214	India
QG37_06588	0.8647	CDC_B11215	India
QG37_06588	0.9030	CDC_B11216	India
QG37_06588	0.7578	CDC_B11217	India
QG37_06588	1.0456	CDC_B11218	India
QG37_06588	0.8705	CDC_B11219	India
QG37_06588	0.9104	CDC_B11220	Japan
QG37_06588	0.8903	CDC_B11221	South Africa
QG37_06588	1.0897	CDC_B11222	South Africa
QG37_06588	0.8755	CDC_B11223	South Africa
QG37_06588	1.0421	CDC_B11224	South Africa
QG37_06588	1.0384	CDC_B11225	South Africa
QG37_06588	1.1181	CDC_B11226	South Africa
QG37_06588	0.8994	CDC_B11227	South Africa
QG37_06588	0.9203	CDC_B11228	South Africa
QG37_06588	0.9620	CDC_B11229	South Africa
QG37_06588	0.7731	CDC_B11230	South Africa
QG37_06588	0.9243	CDC_B11243	Venezuela
QG37_06588	0.9047	CDC_B11244	Venezuela
QG37_06588	1.0676	CDC_B11245	Venezuela
QG37_06588	0.9989	CDC_B11246	Venezuela
QG37_06588	1.0569	CDC_B11247	Venezuela
QG37_06589	0.8434	CDC_B11096	Pakistan
QG37_06589	0.8824	CDC_B11097	Pakistan
QG37_06589	0.7262	CDC_B11098	Pakistan
QG37_06589	0.9375	CDC_B11099	Pakistan
QG37_06589	0.9659	CDC_B11101	Pakistan
QG37_06589	0.8571	CDC_B11102	Pakistan
QG37_06589	0.9058	CDC_B11103	Pakistan
QG37_06589	0.9269	CDC_B11105	Pakistan
QG37_06589	0.9466	CDC_B11112	Pakistan
QG37_06589	0.7693	CDC_B11113	Pakistan
QG37_06589	0.9113	CDC_B11114	Pakistan
QG37_06589	0.9724	CDC_B11115	Pakistan
QG37_06589	0.9485	CDC_B11116	Pakistan
QG37_06589	0.9109	CDC_B11117	Pakistan
QG37_06589	0.9465	CDC_B11118	Pakistan
QG37_06589	0.8560	CDC_B11119	Pakistan
QG37_06589	0.7422	CDC_B11200	India
QG37_06589	0.8902	CDC_B11201	India
QG37_06589	0.9612	CDC_B11205	India
QG37_06589	0.9429	CDC_B11206	India
QG37_06589	0.8680	CDC_B11207	India
QG37_06589	0.9027	CDC_B11208	India
QG37_06589	0.8888	CDC_B11209	India
QG37_06589	0.9759	CDC_B11210	India
QG37_06589	0.9800	CDC_B11212	India
QG37_06589	0.7390	CDC_B11213	India
QG37_06589	0.8033	CDC_B11214	India
QG37_06589	0.9712	CDC_B11215	India
QG37_06589	0.7633	CDC_B11216	India
QG37_06589	0.8039	CDC_B11217	India
QG37_06589	1.2533	CDC_B11218	India
QG37_06589	0.8066	CDC_B11219	India
QG37_06589	0.8530	CDC_B11220	Japan
QG37_06589	0.9753	CDC_B11221	South Africa
QG37_06589	1.0821	CDC_B11222	South Africa
QG37_06589	0.8223	CDC_B11223	South Africa
QG37_06589	0.8699	CDC_B11224	South Africa
QG37_06589	0.9142	CDC_B11225	South Africa
QG37_06589	0.8862	CDC_B11226	South Africa
QG37_06589	0.8306	CDC_B11227	South Africa
QG37_06589	0.8909	CDC_B11228	South Africa
QG37_06589	0.9529	CDC_B11229	South Africa
QG37_06589	0.8816	CDC_B11230	South Africa
QG37_06589	0.8109	CDC_B11243	Venezuela
QG37_06589	0.9847	CDC_B11244	Venezuela
QG37_06589	0.9539	CDC_B11245	Venezuela
QG37_06589	0.9886	CDC_B11246	Venezuela
QG37_06589	0.9448	CDC_B11247	Venezuela
QG37_06590	0.6294	CDC_B11096	Pakistan
QG37_06590	0.8695	CDC_B11097	Pakistan
QG37_06590	0.9012	CDC_B11098	Pakistan
QG37_06590	0.8087	CDC_B11099	Pakistan
QG37_06590	0.7666	CDC_B11101	Pakistan
QG37_06590	0.8551	CDC_B11102	Pakistan
QG37_06590	0.8276	CDC_B11103	Pakistan
QG37_06590	0.8151	CDC_B11105	Pakistan
QG37_06590	0.8983	CDC_B11112	Pakistan
QG37_06590	0.7278	CDC_B11113	Pakistan
QG37_06590	0.8259	CDC_B11114	Pakistan
QG37_06590	0.7614	CDC_B11115	Pakistan
QG37_06590	0.7823	CDC_B11116	Pakistan
QG37_06590	1.0226	CDC_B11117	Pakistan
QG37_06590	0.8829	CDC_B11118	Pakistan
QG37_06590	0.8977	CDC_B11119	Pakistan
QG37_06590	0.7803	CDC_B11200	India
QG37_06590	0.7899	CDC_B11201	India
QG37_06590	0.8724	CDC_B11205	India
QG37_06590	0.8530	CDC_B11206	India
QG37_06590	0.7840	CDC_B11207	India
QG37_06590	0.8480	CDC_B11208	India
QG37_06590	0.8678	CDC_B11209	India
QG37_06590	0.8911	CDC_B11210	India
QG37_06590	1.0414	CDC_B11212	India
QG37_06590	0.7797	CDC_B11213	India
QG37_06590	0.9112	CDC_B11214	India
QG37_06590	0.7564	CDC_B11215	India
QG37_06590	0.7142	CDC_B11216	India
QG37_06590	0.9045	CDC_B11217	India
QG37_06590	0.8387	CDC_B11218	India
QG37_06590	0.8353	CDC_B11219	India
QG37_06590	0.8797	CDC_B11220	Japan
QG37_06590	0.9347	CDC_B11221	South Africa
QG37_06590	0.9630	CDC_B11222	South Africa
QG37_06590	0.8743	CDC_B11223	South Africa
QG37_06590	0.7650	CDC_B11224	South Africa
QG37_06590	0.8570	CDC_B11225	South Africa
QG37_06590	0.9159	CDC_B11226	South Africa
QG37_06590	0.8807	CDC_B11227	South Africa
QG37_06590	0.8071	CDC_B11228	South Africa
QG37_06590	0.8727	CDC_B11229	South Africa
QG37_06590	0.9340	CDC_B11230	South Africa
QG37_06590	0.8922	CDC_B11243	Venezuela
QG37_06590	0.8114	CDC_B11244	Venezuela
QG37_06590	0.8001	CDC_B11245	Venezuela
QG37_06590	0.8869	CDC_B11246	Venezuela
QG37_06590	0.8272	CDC_B11247	Venezuela
QG37_06591	0.7248	CDC_B11096	Pakistan
QG37_06591	0.7553	CDC_B11097	Pakistan
QG37_06591	0.8031	CDC_B11098	Pakistan
QG37_06591	0.8398	CDC_B11099	Pakistan
QG37_06591	0.7602	CDC_B11101	Pakistan
QG37_06591	0.7962	CDC_B11102	Pakistan
QG37_06591	0.8102	CDC_B11103	Pakistan
QG37_06591	0.7348	CDC_B11105	Pakistan
QG37_06591	0.7723	CDC_B11112	Pakistan
QG37_06591	0.7467	CDC_B11113	Pakistan
QG37_06591	0.8052	CDC_B11114	Pakistan
QG37_06591	0.7900	CDC_B11115	Pakistan
QG37_06591	0.7612	CDC_B11116	Pakistan
QG37_06591	0.8781	CDC_B11117	Pakistan
QG37_06591	0.8729	CDC_B11118	Pakistan
QG37_06591	0.9175	CDC_B11119	Pakistan
QG37_06591	0.7866	CDC_B11200	India
QG37_06591	0.7748	CDC_B11201	India
QG37_06591	0.8236	CDC_B11205	India
QG37_06591	0.7937	CDC_B11206	India
QG37_06591	0.8730	CDC_B11207	India
QG37_06591	0.7978	CDC_B11208	India
QG37_06591	0.8662	CDC_B11209	India
QG37_06591	0.8066	CDC_B11210	India
QG37_06591	0.8220	CDC_B11212	India
QG37_06591	0.7605	CDC_B11213	India
QG37_06591	0.7919	CDC_B11214	India
QG37_06591	0.7880	CDC_B11215	India
QG37_06591	0.7745	CDC_B11216	India
QG37_06591	0.5532	CDC_B11217	India
QG37_06591	0.7969	CDC_B11218	India
QG37_06591	0.7670	CDC_B11219	India
QG37_06591	0.8747	CDC_B11220	Japan
QG37_06591	0.8321	CDC_B11221	South Africa
QG37_06591	0.8732	CDC_B11222	South Africa
QG37_06591	0.8444	CDC_B11223	South Africa
QG37_06591	0.8040	CDC_B11224	South Africa
QG37_06591	0.8397	CDC_B11225	South Africa
QG37_06591	0.8362	CDC_B11226	South Africa
QG37_06591	0.8307	CDC_B11227	South Africa
QG37_06591	0.8396	CDC_B11228	South Africa
QG37_06591	0.8851	CDC_B11229	South Africa
QG37_06591	0.7585	CDC_B11230	South Africa
QG37_06591	0.9047	CDC_B11243	Venezuela
QG37_06591	0.8240	CDC_B11244	Venezuela
QG37_06591	0.8013	CDC_B11245	Venezuela
QG37_06591	0.9034	CDC_B11246	Venezuela
QG37_06591	0.8111	CDC_B11247	Venezuela
QG37_06592	0.8723	CDC_B11096	Pakistan
QG37_06592	0.8422	CDC_B11097	Pakistan
QG37_06592	0.7242	CDC_B11098	Pakistan
QG37_06592	0.7794	CDC_B11099	Pakistan
QG37_06592	0.7920	CDC_B11101	Pakistan
QG37_06592	0.7276	CDC_B11102	Pakistan
QG37_06592	0.7605	CDC_B11103	Pakistan
QG37_06592	0.8517	CDC_B11105	Pakistan
QG37_06592	0.8158	CDC_B11112	Pakistan
QG37_06592	0.6795	CDC_B11113	Pakistan
QG37_06592	0.8393	CDC_B11114	Pakistan
QG37_06592	0.8820	CDC_B11115	Pakistan
QG37_06592	0.7601	CDC_B11116	Pakistan
QG37_06592	0.6796	CDC_B11117	Pakistan
QG37_06592	0.7836	CDC_B11118	Pakistan
QG37_06592	0.6982	CDC_B11119	Pakistan
QG37_06592	0.8304	CDC_B11200	India
QG37_06592	0.6682	CDC_B11201	India
QG37_06592	0.8775	CDC_B11205	India
QG37_06592	0.8398	CDC_B11206	India
QG37_06592	0.7396	CDC_B11207	India
QG37_06592	0.7436	CDC_B11208	India
QG37_06592	0.7981	CDC_B11209	India
QG37_06592	0.7209	CDC_B11210	India
QG37_06592	0.8493	CDC_B11212	India
QG37_06592	0.7832	CDC_B11213	India
QG37_06592	0.8833	CDC_B11214	India
QG37_06592	0.7139	CDC_B11215	India
QG37_06592	0.6864	CDC_B11216	India
QG37_06592	0.6605	CDC_B11217	India
QG37_06592	0.6794	CDC_B11218	India
QG37_06592	0.6813	CDC_B11219	India
QG37_06592	0.4622	CDC_B11220	Japan
QG37_06592	0.5901	CDC_B11221	South Africa
QG37_06592	0.3919	CDC_B11222	South Africa
QG37_06592	0.5127	CDC_B11223	South Africa
QG37_06592	0.5281	CDC_B11224	South Africa
QG37_06592	0.5570	CDC_B11225	South Africa
QG37_06592	0.4237	CDC_B11226	South Africa
QG37_06592	0.6261	CDC_B11227	South Africa
QG37_06592	0.6851	CDC_B11228	South Africa
QG37_06592	0.7415	CDC_B11229	South Africa
QG37_06592	0.5656	CDC_B11230	South Africa
QG37_06592	0.4619	CDC_B11243	Venezuela
QG37_06592	0.4748	CDC_B11244	Venezuela
QG37_06592	0.4763	CDC_B11245	Venezuela
QG37_06592	0.5092	CDC_B11246	Venezuela
QG37_06592	0.4589	CDC_B11247	Venezuela
QG37_06593	0.8706	CDC_B11096	Pakistan
QG37_06593	0.7481	CDC_B11097	Pakistan
QG37_06593	0.9404	CDC_B11098	Pakistan
QG37_06593	0.8180	CDC_B11099	Pakistan
QG37_06593	0.9004	CDC_B11101	Pakistan
QG37_06593	0.8254	CDC_B11102	Pakistan
QG37_06593	0.9403	CDC_B11103	Pakistan
QG37_06593	0.9270	CDC_B11105	Pakistan
QG37_06593	0.9980	CDC_B11112	Pakistan
QG37_06593	0.8375	CDC_B11113	Pakistan
QG37_06593	0.7852	CDC_B11114	Pakistan
QG37_06593	0.9865	CDC_B11115	Pakistan
QG37_06593	0.8742	CDC_B11116	Pakistan
QG37_06593	0.8247	CDC_B11117	Pakistan
QG37_06593	0.8698	CDC_B11118	Pakistan
QG37_06593	0.8847	CDC_B11119	Pakistan
QG37_06593	0.8265	CDC_B11200	India
QG37_06593	0.9572	CDC_B11201	India
QG37_06593	0.8441	CDC_B11205	India
QG37_06593	0.8763	CDC_B11206	India
QG37_06593	1.0046	CDC_B11207	India
QG37_06593	0.9678	CDC_B11208	India
QG37_06593	1.1105	CDC_B11209	India
QG37_06593	0.8455	CDC_B11210	India
QG37_06593	0.8428	CDC_B11212	India
QG37_06593	0.8809	CDC_B11213	India
QG37_06593	0.8037	CDC_B11214	India
QG37_06593	0.7724	CDC_B11215	India
QG37_06593	0.8358	CDC_B11216	India
QG37_06593	0.9388	CDC_B11217	India
QG37_06593	0.8883	CDC_B11218	India
QG37_06593	0.8891	CDC_B11219	India
QG37_06593	0.8008	CDC_B11220	Japan
QG37_06593	0.9465	CDC_B11221	South Africa
QG37_06593	0.8868	CDC_B11222	South Africa
QG37_06593	0.9361	CDC_B11223	South Africa
QG37_06593	1.0032	CDC_B11224	South Africa
QG37_06593	0.8832	CDC_B11225	South Africa
QG37_06593	0.8652	CDC_B11226	South Africa
QG37_06593	0.9625	CDC_B11227	South Africa
QG37_06593	1.0337	CDC_B11228	South Africa
QG37_06593	1.0143	CDC_B11229	South Africa
QG37_06593	0.8853	CDC_B11230	South Africa
QG37_06593	1.1005	CDC_B11243	Venezuela
QG37_06593	0.9065	CDC_B11244	Venezuela
QG37_06593	1.0318	CDC_B11245	Venezuela
QG37_06593	0.6981	CDC_B11246	Venezuela
QG37_06593	0.8662	CDC_B11247	Venezuela
QG37_06594	0.8703	CDC_B11096	Pakistan
QG37_06594	0.8459	CDC_B11097	Pakistan
QG37_06594	0.9315	CDC_B11098	Pakistan
QG37_06594	1.0318	CDC_B11099	Pakistan
QG37_06594	0.8670	CDC_B11101	Pakistan
QG37_06594	0.9413	CDC_B11102	Pakistan
QG37_06594	0.8775	CDC_B11103	Pakistan
QG37_06594	0.9444	CDC_B11105	Pakistan
QG37_06594	1.0796	CDC_B11112	Pakistan
QG37_06594	0.8709	CDC_B11113	Pakistan
QG37_06594	0.9641	CDC_B11114	Pakistan
QG37_06594	0.7782	CDC_B11115	Pakistan
QG37_06594	0.8695	CDC_B11116	Pakistan
QG37_06594	1.0060	CDC_B11117	Pakistan
QG37_06594	0.8839	CDC_B11118	Pakistan
QG37_06594	0.9315	CDC_B11119	Pakistan
QG37_06594	0.8168	CDC_B11200	India
QG37_06594	0.9061	CDC_B11201	India
QG37_06594	0.9560	CDC_B11205	India
QG37_06594	0.8507	CDC_B11206	India
QG37_06594	0.9368	CDC_B11207	India
QG37_06594	0.9031	CDC_B11208	India
QG37_06594	0.9713	CDC_B11209	India
QG37_06594	1.0273	CDC_B11210	India
QG37_06594	0.8435	CDC_B11212	India
QG37_06594	0.8501	CDC_B11213	India
QG37_06594	0.8379	CDC_B11214	India
QG37_06594	0.8814	CDC_B11215	India
QG37_06594	0.8922	CDC_B11216	India
QG37_06594	0.8654	CDC_B11217	India
QG37_06594	0.8223	CDC_B11218	India
QG37_06594	0.9026	CDC_B11219	India
QG37_06594	0.8938	CDC_B11220	Japan
QG37_06594	0.8955	CDC_B11221	South Africa
QG37_06594	1.0772	CDC_B11222	South Africa
QG37_06594	0.9297	CDC_B11223	South Africa
QG37_06594	0.8812	CDC_B11224	South Africa
QG37_06594	1.0384	CDC_B11225	South Africa
QG37_06594	0.9360	CDC_B11226	South Africa
QG37_06594	0.9097	CDC_B11227	South Africa
QG37_06594	0.9463	CDC_B11228	South Africa
QG37_06594	0.9504	CDC_B11229	South Africa
QG37_06594	0.9231	CDC_B11230	South Africa
QG37_06594	0.9133	CDC_B11243	Venezuela
QG37_06594	0.9867	CDC_B11244	Venezuela
QG37_06594	0.9438	CDC_B11245	Venezuela
QG37_06594	0.8029	CDC_B11246	Venezuela
QG37_06594	0.8867	CDC_B11247	Venezuela
QG37_06595	0.3992	CDC_B11096	Pakistan
QG37_06595	0.3388	CDC_B11097	Pakistan
QG37_06595	0.3454	CDC_B11098	Pakistan
QG37_06595	0.3744	CDC_B11099	Pakistan
QG37_06595	0.2659	CDC_B11101	Pakistan
QG37_06595	0.2687	CDC_B11102	Pakistan
QG37_06595	0.3065	CDC_B11103	Pakistan
QG37_06595	0.3271	CDC_B11105	Pakistan
QG37_06595	0.3610	CDC_B11112	Pakistan
QG37_06595	0.3109	CDC_B11113	Pakistan
QG37_06595	0.2734	CDC_B11114	Pakistan
QG37_06595	0.3229	CDC_B11115	Pakistan
QG37_06595	0.2967	CDC_B11116	Pakistan
QG37_06595	0.3812	CDC_B11117	Pakistan
QG37_06595	0.3264	CDC_B11118	Pakistan
QG37_06595	0.2640	CDC_B11119	Pakistan
QG37_06595	0.2724	CDC_B11200	India
QG37_06595	0.3060	CDC_B11201	India
QG37_06595	0.2882	CDC_B11205	India
QG37_06595	0.2726	CDC_B11206	India
QG37_06595	0.2900	CDC_B11207	India
QG37_06595	0.2952	CDC_B11208	India
QG37_06595	0.2440	CDC_B11209	India
QG37_06595	0.2958	CDC_B11210	India
QG37_06595	0.3234	CDC_B11212	India
QG37_06595	0.2420	CDC_B11213	India
QG37_06595	0.2388	CDC_B11214	India
QG37_06595	0.3225	CDC_B11215	India
QG37_06595	0.3535	CDC_B11216	India
QG37_06595	0.2516	CDC_B11217	India
QG37_06595	0.3267	CDC_B11218	India
QG37_06595	0.2491	CDC_B11219	India
QG37_06595	0.2330	CDC_B11220	Japan
QG37_06595	0.1710	CDC_B11221	South Africa
QG37_06595	0.2066	CDC_B11222	South Africa
QG37_06595	0.2011	CDC_B11223	South Africa
QG37_06595	0.1771	CDC_B11224	South Africa
QG37_06595	0.2348	CDC_B11225	South Africa
QG37_06595	0.2346	CDC_B11226	South Africa
QG37_06595	0.2974	CDC_B11227	South Africa
QG37_06595	0.2098	CDC_B11228	South Africa
QG37_06595	0.2218	CDC_B11229	South Africa
QG37_06595	0.2785	CDC_B11230	South Africa
QG37_06595	0.3241	CDC_B11243	Venezuela
QG37_06595	0.4055	CDC_B11244	Venezuela
QG37_06595	0.3852	CDC_B11245	Venezuela
QG37_06595	0.4501	CDC_B11246	Venezuela
QG37_06595	0.3776	CDC_B11247	Venezuela
QG37_06596	0.7237	CDC_B11096	Pakistan
QG37_06596	0.7786	CDC_B11097	Pakistan
QG37_06596	0.7161	CDC_B11098	Pakistan
QG37_06596	0.7486	CDC_B11099	Pakistan
QG37_06596	0.7384	CDC_B11101	Pakistan
QG37_06596	0.7565	CDC_B11102	Pakistan
QG37_06596	0.7500	CDC_B11103	Pakistan
QG37_06596	0.7329	CDC_B11105	Pakistan
QG37_06596	0.7747	CDC_B11112	Pakistan
QG37_06596	0.7997	CDC_B11113	Pakistan
QG37_06596	0.6971	CDC_B11114	Pakistan
QG37_06596	0.6995	CDC_B11115	Pakistan
QG37_06596	0.7351	CDC_B11116	Pakistan
QG37_06596	0.9507	CDC_B11117	Pakistan
QG37_06596	0.6138	CDC_B11118	Pakistan
QG37_06596	0.9116	CDC_B11119	Pakistan
QG37_06596	0.8863	CDC_B11200	India
QG37_06596	0.8497	CDC_B11201	India
QG37_06596	0.8834	CDC_B11205	India
QG37_06596	0.9492	CDC_B11206	India
QG37_06596	0.8596	CDC_B11207	India
QG37_06596	0.8503	CDC_B11208	India
QG37_06596	0.8112	CDC_B11209	India
QG37_06596	0.8492	CDC_B11210	India
QG37_06596	0.9392	CDC_B11212	India
QG37_06596	0.8371	CDC_B11213	India
QG37_06596	0.7629	CDC_B11214	India
QG37_06596	0.6813	CDC_B11215	India
QG37_06596	0.8148	CDC_B11216	India
QG37_06596	0.7684	CDC_B11217	India
QG37_06596	0.7442	CDC_B11218	India
QG37_06596	0.7484	CDC_B11219	India
QG37_06596	0.7490	CDC_B11220	Japan
QG37_06596	0.9503	CDC_B11221	South Africa
QG37_06596	0.7840	CDC_B11222	South Africa
QG37_06596	0.7955	CDC_B11223	South Africa
QG37_06596	0.8411	CDC_B11224	South Africa
QG37_06596	0.8580	CDC_B11225	South Africa
QG37_06596	0.8593	CDC_B11226	South Africa
QG37_06596	0.8117	CDC_B11227	South Africa
QG37_06596	0.8204	CDC_B11228	South Africa
QG37_06596	0.8952	CDC_B11229	South Africa
QG37_06596	0.7788	CDC_B11230	South Africa
QG37_06596	0.8229	CDC_B11243	Venezuela
QG37_06596	0.6600	CDC_B11244	Venezuela
QG37_06596	0.8187	CDC_B11245	Venezuela
QG37_06596	0.7502	CDC_B11246	Venezuela
QG37_06596	0.9696	CDC_B11247	Venezuela
QG37_06597	1.0335	CDC_B11096	Pakistan
QG37_06597	0.8861	CDC_B11097	Pakistan
QG37_06597	0.9802	CDC_B11098	Pakistan
QG37_06597	0.9277	CDC_B11099	Pakistan
QG37_06597	1.0553	CDC_B11101	Pakistan
QG37_06597	1.0179	CDC_B11102	Pakistan
QG37_06597	0.9266	CDC_B11103	Pakistan
QG37_06597	0.8768	CDC_B11105	Pakistan
QG37_06597	1.1173	CDC_B11112	Pakistan
QG37_06597	0.9452	CDC_B11113	Pakistan
QG37_06597	1.0641	CDC_B11114	Pakistan
QG37_06597	1.0750	CDC_B11115	Pakistan
QG37_06597	0.9879	CDC_B11116	Pakistan
QG37_06597	0.9209	CDC_B11117	Pakistan
QG37_06597	1.1236	CDC_B11118	Pakistan
QG37_06597	1.0168	CDC_B11119	Pakistan
QG37_06597	0.9474	CDC_B11200	India
QG37_06597	0.9656	CDC_B11201	India
QG37_06597	1.0019	CDC_B11205	India
QG37_06597	1.0295	CDC_B11206	India
QG37_06597	1.0210	CDC_B11207	India
QG37_06597	0.9928	CDC_B11208	India
QG37_06597	0.9226	CDC_B11209	India
QG37_06597	0.8670	CDC_B11210	India
QG37_06597	0.9703	CDC_B11212	India
QG37_06597	0.9793	CDC_B11213	India
QG37_06597	1.2682	CDC_B11214	India
QG37_06597	0.8846	CDC_B11215	India
QG37_06597	1.0382	CDC_B11216	India
QG37_06597	0.8936	CDC_B11217	India
QG37_06597	0.9961	CDC_B11218	India
QG37_06597	0.9314	CDC_B11219	India
QG37_06597	1.1832	CDC_B11220	Japan
QG37_06597	1.0426	CDC_B11221	South Africa
QG37_06597	1.0426	CDC_B11222	South Africa
QG37_06597	0.9245	CDC_B11223	South Africa
QG37_06597	0.9182	CDC_B11224	South Africa
QG37_06597	1.0217	CDC_B11225	South Africa
QG37_06597	0.9113	CDC_B11226	South Africa
QG37_06597	1.0446	CDC_B11227	South Africa
QG37_06597	0.9571	CDC_B11228	South Africa
QG37_06597	1.0573	CDC_B11229	South Africa
QG37_06597	0.9075	CDC_B11230	South Africa
QG37_06597	0.9635	CDC_B11243	Venezuela
QG37_06597	1.0358	CDC_B11244	Venezuela
QG37_06597	1.1536	CDC_B11245	Venezuela
QG37_06597	1.0688	CDC_B11246	Venezuela
QG37_06597	0.9805	CDC_B11247	Venezuela
QG37_06598	0.8242	CDC_B11096	Pakistan
QG37_06598	0.8878	CDC_B11097	Pakistan
QG37_06598	0.8219	CDC_B11098	Pakistan
QG37_06598	0.8269	CDC_B11099	Pakistan
QG37_06598	0.7826	CDC_B11101	Pakistan
QG37_06598	0.9125	CDC_B11102	Pakistan
QG37_06598	0.7614	CDC_B11103	Pakistan
QG37_06598	0.8173	CDC_B11105	Pakistan
QG37_06598	0.7518	CDC_B11112	Pakistan
QG37_06598	0.7934	CDC_B11113	Pakistan
QG37_06598	0.8855	CDC_B11114	Pakistan
QG37_06598	0.8587	CDC_B11115	Pakistan
QG37_06598	0.6541	CDC_B11116	Pakistan
QG37_06598	0.7924	CDC_B11117	Pakistan
QG37_06598	0.6096	CDC_B11118	Pakistan
QG37_06598	0.8126	CDC_B11119	Pakistan
QG37_06598	0.7843	CDC_B11200	India
QG37_06598	0.8219	CDC_B11201	India
QG37_06598	0.8965	CDC_B11205	India
QG37_06598	0.8339	CDC_B11206	India
QG37_06598	0.8066	CDC_B11207	India
QG37_06598	0.8220	CDC_B11208	India
QG37_06598	0.8807	CDC_B11209	India
QG37_06598	0.7908	CDC_B11210	India
QG37_06598	0.8787	CDC_B11212	India
QG37_06598	0.7892	CDC_B11213	India
QG37_06598	0.6525	CDC_B11214	India
QG37_06598	0.7067	CDC_B11215	India
QG37_06598	0.7120	CDC_B11216	India
QG37_06598	0.5784	CDC_B11217	India
QG37_06598	0.8512	CDC_B11218	India
QG37_06598	0.7066	CDC_B11219	India
QG37_06598	0.7240	CDC_B11220	Japan
QG37_06598	0.9328	CDC_B11221	South Africa
QG37_06598	0.7667	CDC_B11222	South Africa
QG37_06598	0.7639	CDC_B11223	South Africa
QG37_06598	0.8457	CDC_B11224	South Africa
QG37_06598	0.9224	CDC_B11225	South Africa
QG37_06598	0.8094	CDC_B11226	South Africa
QG37_06598	0.7751	CDC_B11227	South Africa
QG37_06598	0.7805	CDC_B11228	South Africa
QG37_06598	0.9935	CDC_B11229	South Africa
QG37_06598	0.8471	CDC_B11230	South Africa
QG37_06598	0.8961	CDC_B11243	Venezuela
QG37_06598	0.9959	CDC_B11244	Venezuela
QG37_06598	0.8911	CDC_B11245	Venezuela
QG37_06598	0.8091	CDC_B11246	Venezuela
QG37_06598	0.8462	CDC_B11247	Venezuela
QG37_06599	0.7335	CDC_B11096	Pakistan
QG37_06599	0.6612	CDC_B11097	Pakistan
QG37_06599	0.6110	CDC_B11098	Pakistan
QG37_06599	0.7277	CDC_B11099	Pakistan
QG37_06599	0.6226	CDC_B11101	Pakistan
QG37_06599	0.6657	CDC_B11102	Pakistan
QG37_06599	0.6961	CDC_B11103	Pakistan
QG37_06599	0.7455	CDC_B11105	Pakistan
QG37_06599	0.7175	CDC_B11112	Pakistan
QG37_06599	0.6262	CDC_B11113	Pakistan
QG37_06599	0.7018	CDC_B11114	Pakistan
QG37_06599	0.6678	CDC_B11115	Pakistan
QG37_06599	0.6629	CDC_B11116	Pakistan
QG37_06599	0.6855	CDC_B11117	Pakistan
QG37_06599	0.6709	CDC_B11118	Pakistan
QG37_06599	0.7473	CDC_B11119	Pakistan
QG37_06599	0.6737	CDC_B11200	India
QG37_06599	0.6934	CDC_B11201	India
QG37_06599	0.7805	CDC_B11205	India
QG37_06599	0.6614	CDC_B11206	India
QG37_06599	0.7258	CDC_B11207	India
QG37_06599	0.6848	CDC_B11208	India
QG37_06599	0.7820	CDC_B11209	India
QG37_06599	0.8034	CDC_B11210	India
QG37_06599	0.7230	CDC_B11212	India
QG37_06599	0.6263	CDC_B11213	India
QG37_06599	0.7224	CDC_B11214	India
QG37_06599	0.6236	CDC_B11215	India
QG37_06599	0.5768	CDC_B11216	India
QG37_06599	0.7078	CDC_B11217	India
QG37_06599	0.6634	CDC_B11218	India
QG37_06599	0.6008	CDC_B11219	India
QG37_06599	0.6452	CDC_B11220	Japan
QG37_06599	0.6881	CDC_B11221	South Africa
QG37_06599	0.6901	CDC_B11222	South Africa
QG37_06599	0.7419	CDC_B11223	South Africa
QG37_06599	0.7115	CDC_B11224	South Africa
QG37_06599	0.6626	CDC_B11225	South Africa
QG37_06599	0.7904	CDC_B11226	South Africa
QG37_06599	0.7076	CDC_B11227	South Africa
QG37_06599	0.7432	CDC_B11228	South Africa
QG37_06599	0.7033	CDC_B11229	South Africa
QG37_06599	0.6982	CDC_B11230	South Africa
QG37_06599	0.7065	CDC_B11243	Venezuela
QG37_06599	0.7231	CDC_B11244	Venezuela
QG37_06599	0.6826	CDC_B11245	Venezuela
QG37_06599	0.7507	CDC_B11246	Venezuela
QG37_06599	0.7534	CDC_B11247	Venezuela
QG37_06600	0.7282	CDC_B11096	Pakistan
QG37_06600	0.7363	CDC_B11097	Pakistan
QG37_06600	0.8062	CDC_B11098	Pakistan
QG37_06600	0.7429	CDC_B11099	Pakistan
QG37_06600	0.7171	CDC_B11101	Pakistan
QG37_06600	0.8365	CDC_B11102	Pakistan
QG37_06600	0.8241	CDC_B11103	Pakistan
QG37_06600	0.8368	CDC_B11105	Pakistan
QG37_06600	0.7940	CDC_B11112	Pakistan
QG37_06600	0.6048	CDC_B11113	Pakistan
QG37_06600	0.8685	CDC_B11114	Pakistan
QG37_06600	0.7779	CDC_B11115	Pakistan
QG37_06600	0.7401	CDC_B11116	Pakistan
QG37_06600	0.8848	CDC_B11117	Pakistan
QG37_06600	0.7277	CDC_B11118	Pakistan
QG37_06600	0.6974	CDC_B11119	Pakistan
QG37_06600	0.6571	CDC_B11200	India
QG37_06600	0.7648	CDC_B11201	India
QG37_06600	0.7262	CDC_B11205	India
QG37_06600	0.7018	CDC_B11206	India
QG37_06600	0.7645	CDC_B11207	India
QG37_06600	0.7674	CDC_B11208	India
QG37_06600	0.8473	CDC_B11209	India
QG37_06600	0.7694	CDC_B11210	India
QG37_06600	0.8815	CDC_B11212	India
QG37_06600	0.6391	CDC_B11213	India
QG37_06600	0.7618	CDC_B11214	India
QG37_06600	0.6739	CDC_B11215	India
QG37_06600	0.7618	CDC_B11216	India
QG37_06600	0.8930	CDC_B11217	India
QG37_06600	0.7790	CDC_B11218	India
QG37_06600	0.5684	CDC_B11219	India
QG37_06600	0.6502	CDC_B11220	Japan
QG37_06600	0.7030	CDC_B11221	South Africa
QG37_06600	0.8153	CDC_B11222	South Africa
QG37_06600	0.7339	CDC_B11223	South Africa
QG37_06600	0.6412	CDC_B11224	South Africa
QG37_06600	0.6479	CDC_B11225	South Africa
QG37_06600	0.7089	CDC_B11226	South Africa
QG37_06600	0.7696	CDC_B11227	South Africa
QG37_06600	0.7222	CDC_B11228	South Africa
QG37_06600	0.8613	CDC_B11229	South Africa
QG37_06600	0.8105	CDC_B11230	South Africa
QG37_06600	0.7158	CDC_B11243	Venezuela
QG37_06600	0.7650	CDC_B11244	Venezuela
QG37_06600	0.8193	CDC_B11245	Venezuela
QG37_06600	0.8577	CDC_B11246	Venezuela
QG37_06600	0.7004	CDC_B11247	Venezuela
QG37_06601	0.7722	CDC_B11096	Pakistan
QG37_06601	0.7302	CDC_B11097	Pakistan
QG37_06601	0.6849	CDC_B11098	Pakistan
QG37_06601	0.7192	CDC_B11099	Pakistan
QG37_06601	0.7145	CDC_B11101	Pakistan
QG37_06601	0.7781	CDC_B11102	Pakistan
QG37_06601	0.8210	CDC_B11103	Pakistan
QG37_06601	0.8137	CDC_B11105	Pakistan
QG37_06601	0.7273	CDC_B11112	Pakistan
QG37_06601	0.6246	CDC_B11113	Pakistan
QG37_06601	0.7744	CDC_B11114	Pakistan
QG37_06601	0.7022	CDC_B11115	Pakistan
QG37_06601	0.6126	CDC_B11116	Pakistan
QG37_06601	0.8067	CDC_B11117	Pakistan
QG37_06601	0.7543	CDC_B11118	Pakistan
QG37_06601	0.8074	CDC_B11119	Pakistan
QG37_06601	0.6710	CDC_B11200	India
QG37_06601	0.7851	CDC_B11201	India
QG37_06601	0.8035	CDC_B11205	India
QG37_06601	0.7484	CDC_B11206	India
QG37_06601	0.7436	CDC_B11207	India
QG37_06601	0.6922	CDC_B11208	India
QG37_06601	0.7325	CDC_B11209	India
QG37_06601	0.7036	CDC_B11210	India
QG37_06601	0.7502	CDC_B11212	India
QG37_06601	0.7013	CDC_B11213	India
QG37_06601	0.7743	CDC_B11214	India
QG37_06601	0.6221	CDC_B11215	India
QG37_06601	0.6178	CDC_B11216	India
QG37_06601	0.7038	CDC_B11217	India
QG37_06601	0.7495	CDC_B11218	India
QG37_06601	0.6334	CDC_B11219	India
QG37_06601	0.7657	CDC_B11220	Japan
QG37_06601	0.7224	CDC_B11221	South Africa
QG37_06601	0.7474	CDC_B11222	South Africa
QG37_06601	0.6429	CDC_B11223	South Africa
QG37_06601	0.6701	CDC_B11224	South Africa
QG37_06601	0.6820	CDC_B11225	South Africa
QG37_06601	0.7179	CDC_B11226	South Africa
QG37_06601	0.7887	CDC_B11227	South Africa
QG37_06601	0.7544	CDC_B11228	South Africa
QG37_06601	0.7642	CDC_B11229	South Africa
QG37_06601	0.7386	CDC_B11230	South Africa
QG37_06601	0.7961	CDC_B11243	Venezuela
QG37_06601	0.8264	CDC_B11244	Venezuela
QG37_06601	0.8549	CDC_B11245	Venezuela
QG37_06601	0.8595	CDC_B11246	Venezuela
QG37_06601	0.7683	CDC_B11247	Venezuela
QG37_06602	0.8354	CDC_B11096	Pakistan
QG37_06602	0.7859	CDC_B11097	Pakistan
QG37_06602	0.8297	CDC_B11098	Pakistan
QG37_06602	0.8708	CDC_B11099	Pakistan
QG37_06602	0.7994	CDC_B11101	Pakistan
QG37_06602	0.8487	CDC_B11102	Pakistan
QG37_06602	0.7844	CDC_B11103	Pakistan
QG37_06602	0.7990	CDC_B11105	Pakistan
QG37_06602	0.7508	CDC_B11112	Pakistan
QG37_06602	0.7138	CDC_B11113	Pakistan
QG37_06602	0.8011	CDC_B11114	Pakistan
QG37_06602	0.7602	CDC_B11115	Pakistan
QG37_06602	0.8285	CDC_B11116	Pakistan
QG37_06602	0.8950	CDC_B11117	Pakistan
QG37_06602	0.7980	CDC_B11118	Pakistan
QG37_06602	0.8426	CDC_B11119	Pakistan
QG37_06602	0.8388	CDC_B11200	India
QG37_06602	0.9121	CDC_B11201	India
QG37_06602	0.8561	CDC_B11205	India
QG37_06602	0.8962	CDC_B11206	India
QG37_06602	0.8842	CDC_B11207	India
QG37_06602	0.7717	CDC_B11208	India
QG37_06602	0.9083	CDC_B11209	India
QG37_06602	0.8462	CDC_B11210	India
QG37_06602	0.7765	CDC_B11212	India
QG37_06602	0.7306	CDC_B11213	India
QG37_06602	0.8270	CDC_B11214	India
QG37_06602	0.7763	CDC_B11215	India
QG37_06602	0.7201	CDC_B11216	India
QG37_06602	0.8096	CDC_B11217	India
QG37_06602	0.8858	CDC_B11218	India
QG37_06602	0.7155	CDC_B11219	India
QG37_06602	0.7649	CDC_B11220	Japan
QG37_06602	0.7996	CDC_B11221	South Africa
QG37_06602	0.8218	CDC_B11222	South Africa
QG37_06602	0.8054	CDC_B11223	South Africa
QG37_06602	0.8476	CDC_B11224	South Africa
QG37_06602	0.7790	CDC_B11225	South Africa
QG37_06602	0.7753	CDC_B11226	South Africa
QG37_06602	0.8051	CDC_B11227	South Africa
QG37_06602	0.8841	CDC_B11228	South Africa
QG37_06602	0.7420	CDC_B11229	South Africa
QG37_06602	0.8182	CDC_B11230	South Africa
QG37_06602	0.8724	CDC_B11243	Venezuela
QG37_06602	0.7797	CDC_B11244	Venezuela
QG37_06602	0.8345	CDC_B11245	Venezuela
QG37_06602	0.8252	CDC_B11246	Venezuela
QG37_06602	0.7704	CDC_B11247	Venezuela
QG37_06603	0.8939	CDC_B11096	Pakistan
QG37_06603	0.9234	CDC_B11097	Pakistan
QG37_06603	0.9981	CDC_B11098	Pakistan
QG37_06603	0.8496	CDC_B11099	Pakistan
QG37_06603	0.8720	CDC_B11101	Pakistan
QG37_06603	0.8198	CDC_B11102	Pakistan
QG37_06603	0.8037	CDC_B11103	Pakistan
QG37_06603	1.0511	CDC_B11105	Pakistan
QG37_06603	0.9935	CDC_B11112	Pakistan
QG37_06603	0.9087	CDC_B11113	Pakistan
QG37_06603	0.9827	CDC_B11114	Pakistan
QG37_06603	0.8600	CDC_B11115	Pakistan
QG37_06603	0.8702	CDC_B11116	Pakistan
QG37_06603	0.9604	CDC_B11117	Pakistan
QG37_06603	0.8771	CDC_B11118	Pakistan
QG37_06603	0.9213	CDC_B11119	Pakistan
QG37_06603	0.9392	CDC_B11200	India
QG37_06603	0.9170	CDC_B11201	India
QG37_06603	0.9875	CDC_B11205	India
QG37_06603	0.8768	CDC_B11206	India
QG37_06603	0.9346	CDC_B11207	India
QG37_06603	0.9200	CDC_B11208	India
QG37_06603	0.9174	CDC_B11209	India
QG37_06603	0.9523	CDC_B11210	India
QG37_06603	0.8400	CDC_B11212	India
QG37_06603	0.8402	CDC_B11213	India
QG37_06603	0.7824	CDC_B11214	India
QG37_06603	0.8545	CDC_B11215	India
QG37_06603	0.9224	CDC_B11216	India
QG37_06603	0.8912	CDC_B11217	India
QG37_06603	0.7506	CDC_B11218	India
QG37_06603	0.8344	CDC_B11219	India
QG37_06603	0.8605	CDC_B11220	Japan
QG37_06603	1.0136	CDC_B11221	South Africa
QG37_06603	0.9390	CDC_B11222	South Africa
QG37_06603	0.8826	CDC_B11223	South Africa
QG37_06603	0.9898	CDC_B11224	South Africa
QG37_06603	0.9753	CDC_B11225	South Africa
QG37_06603	0.8899	CDC_B11226	South Africa
QG37_06603	0.9576	CDC_B11227	South Africa
QG37_06603	0.9495	CDC_B11228	South Africa
QG37_06603	0.8394	CDC_B11229	South Africa
QG37_06603	0.9719	CDC_B11230	South Africa
QG37_06603	0.8841	CDC_B11243	Venezuela
QG37_06603	0.8656	CDC_B11244	Venezuela
QG37_06603	0.8899	CDC_B11245	Venezuela
QG37_06603	0.9471	CDC_B11246	Venezuela
QG37_06603	0.9518	CDC_B11247	Venezuela
QG37_06604	0.7687	CDC_B11096	Pakistan
QG37_06604	0.7854	CDC_B11097	Pakistan
QG37_06604	0.7251	CDC_B11098	Pakistan
QG37_06604	0.7002	CDC_B11099	Pakistan
QG37_06604	0.7974	CDC_B11101	Pakistan
QG37_06604	0.6424	CDC_B11102	Pakistan
QG37_06604	0.7319	CDC_B11103	Pakistan
QG37_06604	0.9594	CDC_B11105	Pakistan
QG37_06604	0.9387	CDC_B11112	Pakistan
QG37_06604	0.7879	CDC_B11113	Pakistan
QG37_06604	0.9953	CDC_B11114	Pakistan
QG37_06604	0.8116	CDC_B11115	Pakistan
QG37_06604	1.0040	CDC_B11116	Pakistan
QG37_06604	0.8860	CDC_B11117	Pakistan
QG37_06604	0.8141	CDC_B11118	Pakistan
QG37_06604	0.8344	CDC_B11119	Pakistan
QG37_06604	0.8537	CDC_B11200	India
QG37_06604	0.8293	CDC_B11201	India
QG37_06604	0.8130	CDC_B11205	India
QG37_06604	0.7954	CDC_B11206	India
QG37_06604	0.9293	CDC_B11207	India
QG37_06604	0.7301	CDC_B11208	India
QG37_06604	0.8623	CDC_B11209	India
QG37_06604	0.8332	CDC_B11210	India
QG37_06604	0.9484	CDC_B11212	India
QG37_06604	0.8733	CDC_B11213	India
QG37_06604	0.8242	CDC_B11214	India
QG37_06604	0.8510	CDC_B11215	India
QG37_06604	0.6965	CDC_B11216	India
QG37_06604	0.9321	CDC_B11217	India
QG37_06604	1.0329	CDC_B11218	India
QG37_06604	0.8492	CDC_B11219	India
QG37_06604	0.8634	CDC_B11220	Japan
QG37_06604	0.8590	CDC_B11221	South Africa
QG37_06604	0.9815	CDC_B11222	South Africa
QG37_06604	0.8452	CDC_B11223	South Africa
QG37_06604	0.8873	CDC_B11224	South Africa
QG37_06604	0.8581	CDC_B11225	South Africa
QG37_06604	1.0868	CDC_B11226	South Africa
QG37_06604	0.8678	CDC_B11227	South Africa
QG37_06604	0.9734	CDC_B11228	South Africa
QG37_06604	0.9013	CDC_B11229	South Africa
QG37_06604	1.0021	CDC_B11230	South Africa
QG37_06604	0.8737	CDC_B11243	Venezuela
QG37_06604	0.7519	CDC_B11244	Venezuela
QG37_06604	0.7388	CDC_B11245	Venezuela
QG37_06604	0.8530	CDC_B11246	Venezuela
QG37_06604	0.7849	CDC_B11247	Venezuela
QG37_06605	0.7729	CDC_B11096	Pakistan
QG37_06605	0.5356	CDC_B11097	Pakistan
QG37_06605	0.4892	CDC_B11098	Pakistan
QG37_06605	0.5322	CDC_B11099	Pakistan
QG37_06605	0.5894	CDC_B11101	Pakistan
QG37_06605	0.5036	CDC_B11102	Pakistan
QG37_06605	0.4584	CDC_B11103	Pakistan
QG37_06605	0.5885	CDC_B11105	Pakistan
QG37_06605	0.5504	CDC_B11112	Pakistan
QG37_06605	0.6057	CDC_B11113	Pakistan
QG37_06605	0.5589	CDC_B11114	Pakistan
QG37_06605	0.5204	CDC_B11115	Pakistan
QG37_06605	0.6842	CDC_B11116	Pakistan
QG37_06605	0.5400	CDC_B11117	Pakistan
QG37_06605	0.5032	CDC_B11118	Pakistan
QG37_06605	0.6006	CDC_B11119	Pakistan
QG37_06605	0.5656	CDC_B11200	India
QG37_06605	0.4092	CDC_B11201	India
QG37_06605	0.5875	CDC_B11205	India
QG37_06605	0.5134	CDC_B11206	India
QG37_06605	0.6510	CDC_B11207	India
QG37_06605	0.6178	CDC_B11208	India
QG37_06605	0.5870	CDC_B11209	India
QG37_06605	0.5891	CDC_B11210	India
QG37_06605	0.6517	CDC_B11212	India
QG37_06605	0.5911	CDC_B11213	India
QG37_06605	0.4948	CDC_B11214	India
QG37_06605	0.5661	CDC_B11215	India
QG37_06605	0.5154	CDC_B11216	India
QG37_06605	0.3753	CDC_B11217	India
QG37_06605	0.5447	CDC_B11218	India
QG37_06605	0.5984	CDC_B11219	India
QG37_06605	0.5045	CDC_B11220	Japan
QG37_06605	0.5697	CDC_B11221	South Africa
QG37_06605	0.5245	CDC_B11222	South Africa
QG37_06605	0.5314	CDC_B11223	South Africa
QG37_06605	0.6361	CDC_B11224	South Africa
QG37_06605	0.4794	CDC_B11225	South Africa
QG37_06605	0.6838	CDC_B11226	South Africa
QG37_06605	0.6919	CDC_B11227	South Africa
QG37_06605	0.6104	CDC_B11228	South Africa
QG37_06605	0.5488	CDC_B11229	South Africa
QG37_06605	0.6614	CDC_B11230	South Africa
QG37_06605	0.6381	CDC_B11243	Venezuela
QG37_06605	0.6425	CDC_B11244	Venezuela
QG37_06605	0.4713	CDC_B11245	Venezuela
QG37_06605	0.6591	CDC_B11246	Venezuela
QG37_06605	0.5769	CDC_B11247	Venezuela
QG37_06606	0.5592	CDC_B11096	Pakistan
QG37_06606	0.3990	CDC_B11097	Pakistan
QG37_06606	0.3492	CDC_B11098	Pakistan
QG37_06606	0.4523	CDC_B11099	Pakistan
QG37_06606	0.3981	CDC_B11101	Pakistan
QG37_06606	0.4145	CDC_B11102	Pakistan
QG37_06606	0.3761	CDC_B11103	Pakistan
QG37_06606	0.2883	CDC_B11105	Pakistan
QG37_06606	0.3714	CDC_B11112	Pakistan
QG37_06606	0.4142	CDC_B11113	Pakistan
QG37_06606	0.3665	CDC_B11114	Pakistan
QG37_06606	0.4135	CDC_B11115	Pakistan
QG37_06606	0.3424	CDC_B11116	Pakistan
QG37_06606	0.3760	CDC_B11117	Pakistan
QG37_06606	0.3577	CDC_B11118	Pakistan
QG37_06606	0.4394	CDC_B11119	Pakistan
QG37_06606	0.4282	CDC_B11200	India
QG37_06606	0.3978	CDC_B11201	India
QG37_06606	0.2977	CDC_B11205	India
QG37_06606	0.3901	CDC_B11206	India
QG37_06606	0.3399	CDC_B11207	India
QG37_06606	0.3776	CDC_B11208	India
QG37_06606	0.4406	CDC_B11209	India
QG37_06606	0.3700	CDC_B11210	India
QG37_06606	0.3617	CDC_B11212	India
QG37_06606	0.3315	CDC_B11213	India
QG37_06606	0.3322	CDC_B11214	India
QG37_06606	0.3872	CDC_B11215	India
QG37_06606	0.2611	CDC_B11216	India
QG37_06606	0.2264	CDC_B11217	India
QG37_06606	0.3963	CDC_B11218	India
QG37_06606	0.3958	CDC_B11219	India
QG37_06606	0.5749	CDC_B11220	Japan
QG37_06606	0.4157	CDC_B11221	South Africa
QG37_06606	0.4008	CDC_B11222	South Africa
QG37_06606	0.3346	CDC_B11223	South Africa
QG37_06606	0.3907	CDC_B11224	South Africa
QG37_06606	0.3809	CDC_B11225	South Africa
QG37_06606	0.3736	CDC_B11226	South Africa
QG37_06606	0.3398	CDC_B11227	South Africa
QG37_06606	0.4741	CDC_B11228	South Africa
QG37_06606	0.4212	CDC_B11229	South Africa
QG37_06606	0.4233	CDC_B11230	South Africa
QG37_06606	0.6675	CDC_B11243	Venezuela
QG37_06606	0.5558	CDC_B11244	Venezuela
QG37_06606	0.4213	CDC_B11245	Venezuela
QG37_06606	0.4886	CDC_B11246	Venezuela
QG37_06606	0.5372	CDC_B11247	Venezuela
QG37_06607	0.7237	CDC_B11096	Pakistan
QG37_06607	0.7167	CDC_B11097	Pakistan
QG37_06607	0.8423	CDC_B11098	Pakistan
QG37_06607	0.8158	CDC_B11099	Pakistan
QG37_06607	0.6664	CDC_B11101	Pakistan
QG37_06607	0.8240	CDC_B11102	Pakistan
QG37_06607	0.7346	CDC_B11103	Pakistan
QG37_06607	0.6826	CDC_B11105	Pakistan
QG37_06607	0.9547	CDC_B11112	Pakistan
QG37_06607	0.7538	CDC_B11113	Pakistan
QG37_06607	0.6736	CDC_B11114	Pakistan
QG37_06607	0.7828	CDC_B11115	Pakistan
QG37_06607	0.8547	CDC_B11116	Pakistan
QG37_06607	0.7214	CDC_B11117	Pakistan
QG37_06607	0.8359	CDC_B11118	Pakistan
QG37_06607	0.8052	CDC_B11119	Pakistan
QG37_06607	0.8372	CDC_B11200	India
QG37_06607	0.7323	CDC_B11201	India
QG37_06607	0.8804	CDC_B11205	India
QG37_06607	0.6537	CDC_B11206	India
QG37_06607	0.6939	CDC_B11207	India
QG37_06607	0.7997	CDC_B11208	India
QG37_06607	0.7585	CDC_B11209	India
QG37_06607	0.7972	CDC_B11210	India
QG37_06607	0.7273	CDC_B11212	India
QG37_06607	0.6894	CDC_B11213	India
QG37_06607	0.5508	CDC_B11214	India
QG37_06607	0.7857	CDC_B11215	India
QG37_06607	0.6260	CDC_B11216	India
QG37_06607	0.5841	CDC_B11217	India
QG37_06607	0.7636	CDC_B11218	India
QG37_06607	0.6792	CDC_B11219	India
QG37_06607	0.9435	CDC_B11220	Japan
QG37_06607	0.7883	CDC_B11221	South Africa
QG37_06607	0.8264	CDC_B11222	South Africa
QG37_06607	0.6077	CDC_B11223	South Africa
QG37_06607	0.7994	CDC_B11224	South Africa
QG37_06607	0.8537	CDC_B11225	South Africa
QG37_06607	0.8291	CDC_B11226	South Africa
QG37_06607	0.8408	CDC_B11227	South Africa
QG37_06607	0.6768	CDC_B11228	South Africa
QG37_06607	0.8999	CDC_B11229	South Africa
QG37_06607	0.7921	CDC_B11230	South Africa
QG37_06607	0.9755	CDC_B11243	Venezuela
QG37_06607	0.7204	CDC_B11244	Venezuela
QG37_06607	0.7758	CDC_B11245	Venezuela
QG37_06607	0.6923	CDC_B11246	Venezuela
QG37_06607	0.9564	CDC_B11247	Venezuela
QG37_06608	0.8194	CDC_B11096	Pakistan
QG37_06608	0.6690	CDC_B11097	Pakistan
QG37_06608	0.7832	CDC_B11098	Pakistan
QG37_06608	0.7379	CDC_B11099	Pakistan
QG37_06608	0.6367	CDC_B11101	Pakistan
QG37_06608	0.6796	CDC_B11102	Pakistan
QG37_06608	0.7385	CDC_B11103	Pakistan
QG37_06608	0.7987	CDC_B11105	Pakistan
QG37_06608	0.7835	CDC_B11112	Pakistan
QG37_06608	0.7127	CDC_B11113	Pakistan
QG37_06608	0.8033	CDC_B11114	Pakistan
QG37_06608	0.6487	CDC_B11115	Pakistan
QG37_06608	0.7412	CDC_B11116	Pakistan
QG37_06608	0.8041	CDC_B11117	Pakistan
QG37_06608	0.8304	CDC_B11118	Pakistan
QG37_06608	0.7520	CDC_B11119	Pakistan
QG37_06608	0.8056	CDC_B11200	India
QG37_06608	0.6268	CDC_B11201	India
QG37_06608	0.6165	CDC_B11205	India
QG37_06608	0.6716	CDC_B11206	India
QG37_06608	0.7186	CDC_B11207	India
QG37_06608	0.7329	CDC_B11208	India
QG37_06608	0.5634	CDC_B11209	India
QG37_06608	0.6410	CDC_B11210	India
QG37_06608	0.6153	CDC_B11212	India
QG37_06608	0.7141	CDC_B11213	India
QG37_06608	0.6644	CDC_B11214	India
QG37_06608	0.7161	CDC_B11215	India
QG37_06608	0.6579	CDC_B11216	India
QG37_06608	0.8348	CDC_B11217	India
QG37_06608	0.7400	CDC_B11218	India
QG37_06608	0.6984	CDC_B11219	India
QG37_06608	0.8358	CDC_B11220	Japan
QG37_06608	0.7064	CDC_B11221	South Africa
QG37_06608	0.7475	CDC_B11222	South Africa
QG37_06608	0.6787	CDC_B11223	South Africa
QG37_06608	0.7995	CDC_B11224	South Africa
QG37_06608	0.7708	CDC_B11225	South Africa
QG37_06608	0.7778	CDC_B11226	South Africa
QG37_06608	0.7415	CDC_B11227	South Africa
QG37_06608	0.6496	CDC_B11228	South Africa
QG37_06608	0.6870	CDC_B11229	South Africa
QG37_06608	0.6438	CDC_B11230	South Africa
QG37_06608	0.7324	CDC_B11243	Venezuela
QG37_06608	0.6871	CDC_B11244	Venezuela
QG37_06608	0.8236	CDC_B11245	Venezuela
QG37_06608	0.6519	CDC_B11246	Venezuela
QG37_06608	0.9143	CDC_B11247	Venezuela
QG37_06609	0.4400	CDC_B11096	Pakistan
QG37_06609	0.4243	CDC_B11097	Pakistan
QG37_06609	0.3537	CDC_B11098	Pakistan
QG37_06609	0.4226	CDC_B11099	Pakistan
QG37_06609	0.4212	CDC_B11101	Pakistan
QG37_06609	0.4271	CDC_B11102	Pakistan
QG37_06609	0.4459	CDC_B11103	Pakistan
QG37_06609	0.4144	CDC_B11105	Pakistan
QG37_06609	0.4171	CDC_B11112	Pakistan
QG37_06609	0.3943	CDC_B11113	Pakistan
QG37_06609	0.5035	CDC_B11114	Pakistan
QG37_06609	0.4198	CDC_B11115	Pakistan
QG37_06609	0.4446	CDC_B11116	Pakistan
QG37_06609	0.5339	CDC_B11117	Pakistan
QG37_06609	0.4820	CDC_B11118	Pakistan
QG37_06609	0.3982	CDC_B11119	Pakistan
QG37_06609	0.4610	CDC_B11200	India
QG37_06609	0.4194	CDC_B11201	India
QG37_06609	0.4299	CDC_B11205	India
QG37_06609	0.4424	CDC_B11206	India
QG37_06609	0.4567	CDC_B11207	India
QG37_06609	0.5319	CDC_B11208	India
QG37_06609	0.4147	CDC_B11209	India
QG37_06609	0.3453	CDC_B11210	India
QG37_06609	0.4391	CDC_B11212	India
QG37_06609	0.4243	CDC_B11213	India
QG37_06609	0.3981	CDC_B11214	India
QG37_06609	0.3876	CDC_B11215	India
QG37_06609	0.3629	CDC_B11216	India
QG37_06609	0.4077	CDC_B11217	India
QG37_06609	0.5104	CDC_B11218	India
QG37_06609	0.3224	CDC_B11219	India
QG37_06609	0.4225	CDC_B11220	Japan
QG37_06609	0.5130	CDC_B11221	South Africa
QG37_06609	0.4808	CDC_B11222	South Africa
QG37_06609	0.3832	CDC_B11223	South Africa
QG37_06609	0.4042	CDC_B11224	South Africa
QG37_06609	0.4452	CDC_B11225	South Africa
QG37_06609	0.5049	CDC_B11226	South Africa
QG37_06609	0.4158	CDC_B11227	South Africa
QG37_06609	0.3814	CDC_B11228	South Africa
QG37_06609	0.5044	CDC_B11229	South Africa
QG37_06609	0.4529	CDC_B11230	South Africa
QG37_06609	0.5120	CDC_B11243	Venezuela
QG37_06609	0.4496	CDC_B11244	Venezuela
QG37_06609	0.5161	CDC_B11245	Venezuela
QG37_06609	0.4189	CDC_B11246	Venezuela
QG37_06609	0.5424	CDC_B11247	Venezuela
QG37_06610	0.9110	CDC_B11096	Pakistan
QG37_06610	0.7808	CDC_B11097	Pakistan
QG37_06610	0.7221	CDC_B11098	Pakistan
QG37_06610	0.7903	CDC_B11099	Pakistan
QG37_06610	0.7824	CDC_B11101	Pakistan
QG37_06610	0.8121	CDC_B11102	Pakistan
QG37_06610	0.8034	CDC_B11103	Pakistan
QG37_06610	0.8352	CDC_B11105	Pakistan
QG37_06610	0.8570	CDC_B11112	Pakistan
QG37_06610	0.7161	CDC_B11113	Pakistan
QG37_06610	0.8087	CDC_B11114	Pakistan
QG37_06610	0.7485	CDC_B11115	Pakistan
QG37_06610	0.8166	CDC_B11116	Pakistan
QG37_06610	0.7989	CDC_B11117	Pakistan
QG37_06610	0.8277	CDC_B11118	Pakistan
QG37_06610	0.7851	CDC_B11119	Pakistan
QG37_06610	0.7999	CDC_B11200	India
QG37_06610	0.8636	CDC_B11201	India
QG37_06610	0.8721	CDC_B11205	India
QG37_06610	0.7967	CDC_B11206	India
QG37_06610	0.8552	CDC_B11207	India
QG37_06610	0.8300	CDC_B11208	India
QG37_06610	0.8717	CDC_B11209	India
QG37_06610	0.8887	CDC_B11210	India
QG37_06610	0.8170	CDC_B11212	India
QG37_06610	0.8120	CDC_B11213	India
QG37_06610	0.7686	CDC_B11214	India
QG37_06610	0.7454	CDC_B11215	India
QG37_06610	0.7094	CDC_B11216	India
QG37_06610	0.8215	CDC_B11217	India
QG37_06610	0.8936	CDC_B11218	India
QG37_06610	0.7821	CDC_B11219	India
QG37_06610	0.7532	CDC_B11220	Japan
QG37_06610	0.7877	CDC_B11221	South Africa
QG37_06610	0.8403	CDC_B11222	South Africa
QG37_06610	0.8760	CDC_B11223	South Africa
QG37_06610	0.8380	CDC_B11224	South Africa
QG37_06610	0.8962	CDC_B11225	South Africa
QG37_06610	0.9629	CDC_B11226	South Africa
QG37_06610	0.8696	CDC_B11227	South Africa
QG37_06610	0.9317	CDC_B11228	South Africa
QG37_06610	0.8272	CDC_B11229	South Africa
QG37_06610	0.8068	CDC_B11230	South Africa
QG37_06610	0.9393	CDC_B11243	Venezuela
QG37_06610	0.8422	CDC_B11244	Venezuela
QG37_06610	0.8335	CDC_B11245	Venezuela
QG37_06610	0.8912	CDC_B11246	Venezuela
QG37_06610	0.8369	CDC_B11247	Venezuela
